run_date,table_name,physical_table,created_at_column,row_count,non_null_created_at_count,latest_sync_date,error
2026-05-09,customeraddresses,gromo_warehouse.customeraddresses,createdat,431113,431113,,
2026-05-09,customerprofessions,gromo_warehouse.customerprofessions,createdat,354549,354549,,
2026-05-09,customers,gromo_warehouse.customers,createdat,15507850,15507850,2026-05-07T21:09:26,
2026-05-09,productlogs,gromo_warehouse.productslogs,createdat,3464849,3464849,2026-05-07T22:22:50,
2026-05-09,userdeviceinfos,gromo_warehouse.userdeviceinfos,createdat,10175115,10175115,2026-05-07T22:46:30,
2026-05-09,user_personas,gromo_warehouse.user_personas,createdat,753674,753674,2026-05-07T20:31:39,
2026-05-09,zohotickets,gromo_warehouse.zohotickets,createdat,191120,191120,2026-05-07T18:56:40,
2026-05-09,miscellaneousappflyerlogdatas,gromo_warehouse.miscellaneousappflyerlogdatas,createdat,1037489,1037489,2026-05-07T19:47:44,
2026-05-09,miscellaneousbranchlogdatas,gromo_warehouse.miscellaneousbranchlogdatas,createdat,535927,535927,2026-05-07T14:51:31,
2026-05-09,usercompetitorappslists,gromo_warehouse.usercompetitorappslist,createdat,52650534,52650534,2026-05-07T20:05:38,
2026-05-09,customerprofiles,gromo_warehouse.customerprofiles,createdat,375857,375857,,
2026-05-09,userproductqualities,gromo_warehouse.userproductqualities,createdat,4263094,4263094,2026-05-07T19:55:23,
2026-05-09,brelogsv2,gromo_warehouse.brelogsv2,createdat,5524392,5524392,2026-05-08T18:30:00.987000,
2026-05-09,customer-management-system.customerprofiles,gromo_warehouse.customer_management_system_customerprofiles,createdat,375857,240057,,
2026-05-09,leadinfo,gromo_warehouse.lead_info,createdat,0,0,,
2026-05-09,leadpayoutinfo,gromo_warehouse.lead_payout_info,createdat,1767669,1767669,2026-05-08T12:20:56.616000,
2026-05-09,users,gromo_warehouse.gromo_fintech_users,createdat,6046541,6046538,2026-05-08T21:27:30.261000,
2026-05-09,agencyusers,gromo_warehouse.agencyusers,createdat,23687,19891,2026-05-08T12:52:51.533000,
2026-05-09,products,gromo_warehouse.products,createdat,378,332,2026-05-07T10:43:12.957000,
2026-05-10,customeraddresses,gromo_warehouse.customeraddresses,createdat,431113,431113,,
2026-05-10,customerprofessions,gromo_warehouse.customerprofessions,createdat,354549,354549,,
2026-05-10,customers,gromo_warehouse.customers,createdat,15507850,15507850,2026-05-07T21:09:26,
2026-05-10,productlogs,gromo_warehouse.productslogs,createdat,3464849,3464849,2026-05-07T22:22:50,
2026-05-10,userdeviceinfos,gromo_warehouse.userdeviceinfos,createdat,10175115,10175115,2026-05-07T22:46:30,
2026-05-10,user_personas,gromo_warehouse.user_personas,createdat,753674,753674,2026-05-07T20:31:39,
2026-05-10,zohotickets,gromo_warehouse.zohotickets,createdat,191120,191120,2026-05-07T18:56:40,
2026-05-10,miscellaneousappflyerlogdatas,gromo_warehouse.miscellaneousappflyerlogdatas,createdat,1037489,1037489,2026-05-07T19:47:44,
2026-05-10,miscellaneousbranchlogdatas,gromo_warehouse.miscellaneousbranchlogdatas,createdat,535927,535927,2026-05-07T14:51:31,
2026-05-10,usercompetitorappslists,gromo_warehouse.usercompetitorappslist,createdat,52650534,52650534,2026-05-07T20:05:38,
2026-05-10,customerprofiles,gromo_warehouse.customerprofiles,createdat,375857,375857,,
2026-05-10,userproductqualities,gromo_warehouse.userproductqualities,createdat,4263094,4263094,2026-05-07T19:55:23,
2026-05-10,brelogsv2,gromo_warehouse.brelogsv2,createdat,5471343,5471343,2026-05-09T18:30:01.781000,
2026-05-10,customer-management-system.customerprofiles,gromo_warehouse.customer_management_system_customerprofiles,createdat,375857,240057,,
2026-05-10,leadinfo,gromo_warehouse.lead_info,createdat,0,0,,
2026-05-10,leadpayoutinfo,gromo_warehouse.lead_payout_info,createdat,1767669,1767669,2026-05-08T12:20:56.616000,
2026-05-10,users,gromo_warehouse.gromo_fintech_users,createdat,6047754,6047751,2026-05-09T21:17:50.409000,
2026-05-10,agencyusers,gromo_warehouse.agencyusers,createdat,23694,19898,2026-05-09T12:20:49.608000,
2026-05-10,products,gromo_warehouse.products,createdat,378,332,2026-05-07T10:43:12.957000,
2026-05-11,customeraddresses,gromo_warehouse.customeraddresses,createdat,431113,431113,,
2026-05-11,customerprofessions,gromo_warehouse.customerprofessions,createdat,354549,354549,,
2026-05-11,customers,gromo_warehouse.customers,createdat,15549173,15549173,2026-05-10T21:50:11,
2026-05-11,productlogs,gromo_warehouse.productslogs,createdat,3604712,3604712,2026-05-10T22:22:39,
2026-05-11,userdeviceinfos,gromo_warehouse.userdeviceinfos,createdat,10182780,10182780,2026-05-10T22:48:38,
2026-05-11,user_personas,gromo_warehouse.user_personas,createdat,759675,759675,2026-05-10T20:32:02,
2026-05-11,zohotickets,gromo_warehouse.zohotickets,createdat,191320,191320,2026-05-10T20:01:34,
2026-05-11,miscellaneousappflyerlogdatas,gromo_warehouse.miscellaneousappflyerlogdatas,createdat,1039241,1039241,2026-05-10T20:00:14,
2026-05-11,miscellaneousbranchlogdatas,gromo_warehouse.miscellaneousbranchlogdatas,createdat,535929,535929,2026-05-10T11:56:55,
2026-05-11,usercompetitorappslists,gromo_warehouse.usercompetitorappslist,createdat,52904010,52904010,2026-05-10T20:04:54,
2026-05-11,customerprofiles,gromo_warehouse.customerprofiles,createdat,375857,375857,,
2026-05-11,userproductqualities,gromo_warehouse.userproductqualities,createdat,4265763,4265763,2026-05-10T19:51:31,
2026-05-11,brelogsv2,gromo_warehouse.brelogsv2,createdat,5419835,5419835,2026-05-10T18:29:58.797000,
2026-05-11,customer-management-system.customerprofiles,gromo_warehouse.customer_management_system_customerprofiles,createdat,375857,240057,,
2026-05-11,leadinfo,gromo_warehouse.lead_info,createdat,22757196,22757195,2026-05-10T19:29:42.244000,
2026-05-11,leadpayoutinfo,gromo_warehouse.lead_payout_info,createdat,1767669,1767669,2026-05-08T12:20:56.616000,
2026-05-11,users,gromo_warehouse.gromo_fintech_users,createdat,6048900,6048897,2026-05-10T21:29:51.569000,
2026-05-11,agencyusers,gromo_warehouse.agencyusers,createdat,23694,19898,2026-05-09T12:20:49.608000,
2026-05-11,products,gromo_warehouse.products,createdat,378,332,2026-05-07T10:43:12.957000,
2026-05-12,customeraddresses,gromo_warehouse.customeraddresses,createdat,431113,431113,,
2026-05-12,customerprofessions,gromo_warehouse.customerprofessions,createdat,354549,354549,,
2026-05-12,customers,gromo_warehouse.customers,createdat,15569366,15569366,2026-05-11T21:09:44,
2026-05-12,productlogs,gromo_warehouse.productslogs,createdat,3656895,3656895,2026-05-11T22:21:50,
2026-05-12,userdeviceinfos,gromo_warehouse.userdeviceinfos,createdat,10186576,10186576,2026-05-11T22:41:06,
2026-05-12,user_personas,gromo_warehouse.user_personas,createdat,762907,762907,2026-05-11T20:22:21,
2026-05-12,zohotickets,gromo_warehouse.zohotickets,createdat,191429,191429,2026-05-11T20:05:48,
2026-05-12,miscellaneousappflyerlogdatas,gromo_warehouse.miscellaneousappflyerlogdatas,createdat,1040012,1040012,2026-05-11T20:04:59,
2026-05-12,miscellaneousbranchlogdatas,gromo_warehouse.miscellaneousbranchlogdatas,createdat,535929,535929,2026-05-10T11:56:55,
2026-05-12,usercompetitorappslists,gromo_warehouse.usercompetitorappslist,createdat,53008423,53008423,2026-05-11T20:05:49,
2026-05-12,customerprofiles,gromo_warehouse.customerprofiles,createdat,375857,375857,,
2026-05-12,userproductqualities,gromo_warehouse.userproductqualities,createdat,4266897,4266897,2026-05-11T19:47:30,
2026-05-12,brelogsv2,gromo_warehouse.brelogsv2,createdat,5386558,5386558,2026-05-11T18:30:00.362000,
2026-05-12,customer-management-system.customerprofiles,gromo_warehouse.customer_management_system_customerprofiles,createdat,375857,240057,,
2026-05-12,leadinfo,gromo_warehouse.lead_info,createdat,22783867,22783866,2026-05-11T19:29:42.821000,
2026-05-12,leadpayoutinfo,gromo_warehouse.lead_payout_info,createdat,1768980,1768980,2026-05-11T10:42:53.619000,
2026-05-12,users,gromo_warehouse.gromo_fintech_users,createdat,6049990,6049987,2026-05-11T21:16:36.093000,
2026-05-12,agencyusers,gromo_warehouse.agencyusers,createdat,23717,19921,2026-05-11T14:57:29.721000,
2026-05-12,products,gromo_warehouse.products,createdat,378,332,2026-05-07T10:43:12.957000,
2026-05-13,customeraddresses,gromo_warehouse.customeraddresses,createdat,431113,431113,,
2026-05-13,customerprofessions,gromo_warehouse.customerprofessions,createdat,354549,354549,,
2026-05-13,customers,gromo_warehouse.customers,createdat,15584738,15584738,2026-05-12T21:09:59,
2026-05-13,productlogs,gromo_warehouse.productslogs,createdat,3710825,3710825,2026-05-12T22:21:48,
2026-05-13,userdeviceinfos,gromo_warehouse.userdeviceinfos,createdat,10189201,10189201,2026-05-12T22:30:41,
2026-05-13,user_personas,gromo_warehouse.user_personas,createdat,765068,765068,2026-05-12T20:34:03,
2026-05-13,zohotickets,gromo_warehouse.zohotickets,createdat,191526,191526,2026-05-12T19:28:18,
2026-05-13,miscellaneousappflyerlogdatas,gromo_warehouse.miscellaneousappflyerlogdatas,createdat,1040747,1040747,2026-05-12T19:51:52,
2026-05-13,miscellaneousbranchlogdatas,gromo_warehouse.miscellaneousbranchlogdatas,createdat,535929,535929,2026-05-10T11:56:55,
2026-05-13,usercompetitorappslists,gromo_warehouse.usercompetitorappslist,createdat,53104831,53104831,2026-05-12T20:05:41,
2026-05-13,customerprofiles,gromo_warehouse.customerprofiles,createdat,375857,375857,,
2026-05-13,userproductqualities,gromo_warehouse.userproductqualities,createdat,4267919,4267919,2026-05-12T19:52:52,
2026-05-13,brelogsv2,gromo_warehouse.brelogsv2,createdat,5370804,5370804,2026-05-12T18:30:00.723000,
2026-05-13,customer-management-system.customerprofiles,gromo_warehouse.customer_management_system_customerprofiles,createdat,375857,240057,,
2026-05-13,leadinfo,gromo_warehouse.lead_info,createdat,0,0,,
2026-05-13,leadpayoutinfo,gromo_warehouse.lead_payout_info,createdat,1769818,1769818,2026-05-12T13:46:06.837000,
2026-05-13,users,gromo_warehouse.gromo_fintech_users,createdat,6051023,6051020,2026-05-12T21:27:20.684000,
2026-05-13,agencyusers,gromo_warehouse.agencyusers,createdat,23724,19928,2026-05-12T15:33:22.696000,
2026-05-13,products,gromo_warehouse.products,createdat,379,333,2026-05-12T09:13:58.274000,
2026-05-13,customeraddresses,gromo_warehouse.customeraddresses,createdat,431113,431113,,
2026-05-13,customerprofessions,gromo_warehouse.customerprofessions,createdat,354549,354549,,
2026-05-13,customers,gromo_warehouse.customers,createdat,15584738,15584738,2026-05-12T21:09:59,
2026-05-13,productlogs,gromo_warehouse.productslogs,createdat,3710825,3710825,2026-05-12T22:21:48,
2026-05-13,userdeviceinfos,gromo_warehouse.userdeviceinfos,createdat,10189201,10189201,2026-05-12T22:30:41,
2026-05-13,user_personas,gromo_warehouse.user_personas,createdat,765068,765068,2026-05-12T20:34:03,
2026-05-13,zohotickets,gromo_warehouse.zohotickets,createdat,191526,191526,2026-05-12T19:28:18,
2026-05-13,miscellaneousappflyerlogdatas,gromo_warehouse.miscellaneousappflyerlogdatas,createdat,1040747,1040747,2026-05-12T19:51:52,
2026-05-13,miscellaneousbranchlogdatas,gromo_warehouse.miscellaneousbranchlogdatas,createdat,535929,535929,2026-05-10T11:56:55,
2026-05-13,usercompetitorappslists,gromo_warehouse.usercompetitorappslist,createdat,53104831,53104831,2026-05-12T20:05:41,
2026-05-13,customerprofiles,gromo_warehouse.customerprofiles,createdat,375857,375857,,
2026-05-13,userproductqualities,gromo_warehouse.userproductqualities,createdat,4267919,4267919,2026-05-12T19:52:52,
2026-05-13,brelogsv2,gromo_warehouse.brelogsv2,createdat,5370804,5370804,2026-05-12T18:30:00.723000,
2026-05-13,customer-management-system.customerprofiles,gromo_warehouse.customer_management_system_customerprofiles,createdat,375857,240057,,
2026-05-13,leadinfo,gromo_warehouse.lead_info,createdat,0,0,,
2026-05-13,leadpayoutinfo,gromo_warehouse.lead_payout_info,createdat,1769818,1769818,2026-05-12T13:46:06.837000,
2026-05-13,users,gromo_warehouse.gromo_fintech_users,createdat,6051023,6051020,2026-05-12T21:27:20.684000,
2026-05-13,agencyusers,gromo_warehouse.agencyusers,createdat,23724,19928,2026-05-12T15:33:22.696000,
2026-05-13,products,gromo_warehouse.products,createdat,379,333,2026-05-12T09:13:58.274000,
2026-05-14,customeraddresses,gromo_warehouse.customeraddresses,createdat,431113,431113,,
2026-05-14,customerprofessions,gromo_warehouse.customerprofessions,createdat,354549,354549,,
2026-05-14,customers,gromo_warehouse.customers,createdat,15599610,15599610,2026-05-13T21:03:07,
2026-05-14,productlogs,gromo_warehouse.productslogs,createdat,3760263,3760263,2026-05-13T22:21:57,
2026-05-14,userdeviceinfos,gromo_warehouse.userdeviceinfos,createdat,10191628,10191628,2026-05-13T22:42:57,
2026-05-14,user_personas,gromo_warehouse.user_personas,createdat,767020,767020,2026-05-13T20:34:37,
2026-05-14,zohotickets,gromo_warehouse.zohotickets,createdat,191623,191623,2026-05-13T18:25:24,
2026-05-14,miscellaneousappflyerlogdatas,gromo_warehouse.miscellaneousappflyerlogdatas,createdat,1041447,1041447,2026-05-13T19:56:34,
2026-05-14,miscellaneousbranchlogdatas,gromo_warehouse.miscellaneousbranchlogdatas,createdat,535929,535929,2026-05-10T11:56:55,
2026-05-14,usercompetitorappslists,gromo_warehouse.usercompetitorappslist,createdat,53202875,53202875,2026-05-13T20:05:46,
2026-05-14,customerprofiles,gromo_warehouse.customerprofiles,createdat,375857,375857,,
2026-05-14,userproductqualities,gromo_warehouse.userproductqualities,createdat,4268991,4268991,2026-05-13T19:57:12,
2026-05-14,brelogsv2,gromo_warehouse.brelogsv2,createdat,5349405,5349405,2026-05-13T18:30:01.488000,
2026-05-14,customer-management-system.customerprofiles,gromo_warehouse.customer_management_system_customerprofiles,createdat,375857,240057,,
2026-05-14,leadinfo,gromo_warehouse.lead_info,createdat,22821218,22821217,2026-05-13T19:29:37.801000,
2026-05-14,leadpayoutinfo,gromo_warehouse.lead_payout_info,createdat,1771338,1771338,2026-05-13T11:33:16.113000,
2026-05-14,users,gromo_warehouse.gromo_fintech_users,createdat,6052090,6052087,2026-05-13T21:28:49.725000,
2026-05-14,agencyusers,gromo_warehouse.agencyusers,createdat,23733,19937,2026-05-13T14:54:52.981000,
2026-05-14,products,gromo_warehouse.products,createdat,379,333,2026-05-12T09:13:58.274000,
2026-05-15,customeraddresses,gromo_warehouse.customeraddresses,createdat,431113,431113,,
2026-05-15,customerprofessions,gromo_warehouse.customerprofessions,createdat,354549,354549,,
2026-05-15,customers,gromo_warehouse.customers,createdat,15614024,15614024,2026-05-14T21:08:13,
2026-05-15,productlogs,gromo_warehouse.productslogs,createdat,3809712,3809712,2026-05-14T22:22:08,
2026-05-15,userdeviceinfos,gromo_warehouse.userdeviceinfos,createdat,10194051,10194051,2026-05-14T22:38:18,
2026-05-15,user_personas,gromo_warehouse.user_personas,createdat,769029,769029,2026-05-14T20:33:57,
2026-05-15,zohotickets,gromo_warehouse.zohotickets,createdat,191711,191711,2026-05-14T20:00:51,
2026-05-15,miscellaneousappflyerlogdatas,gromo_warehouse.miscellaneousappflyerlogdatas,createdat,1041922,1041922,2026-05-14T20:02:02,
2026-05-15,miscellaneousbranchlogdatas,gromo_warehouse.miscellaneousbranchlogdatas,createdat,535929,535929,2026-05-10T11:56:55,
2026-05-15,usercompetitorappslists,gromo_warehouse.usercompetitorappslist,createdat,53295106,53295106,2026-05-14T20:05:47,
2026-05-15,customerprofiles,gromo_warehouse.customerprofiles,createdat,375857,375857,,
2026-05-15,userproductqualities,gromo_warehouse.userproductqualities,createdat,4270172,4270172,2026-05-14T19:57:35,
2026-05-15,brelogsv2,gromo_warehouse.brelogsv2,createdat,5329036,5329036,2026-05-14T18:30:01.134000,
2026-05-15,customer-management-system.customerprofiles,gromo_warehouse.customer_management_system_customerprofiles,createdat,375857,240057,,
2026-05-15,leadinfo,gromo_warehouse.lead_info,createdat,22837633,22837632,2026-05-14T19:29:43.123000,
2026-05-15,leadpayoutinfo,gromo_warehouse.lead_payout_info,createdat,1772048,1772048,2026-05-14T13:22:52.509000,
2026-05-15,users,gromo_warehouse.gromo_fintech_users,createdat,6053262,6053259,2026-05-14T21:28:26.379000,
2026-05-15,agencyusers,gromo_warehouse.agencyusers,createdat,23743,19947,2026-05-14T13:56:24.026000,
2026-05-15,products,gromo_warehouse.products,createdat,381,335,2026-05-14T08:56:17.409000,
2026-05-16,customeraddresses,gromo_warehouse.customeraddresses,createdat,431113,431113,,
2026-05-16,customerprofessions,gromo_warehouse.customerprofessions,createdat,354549,354549,,
2026-05-16,customers,gromo_warehouse.customers,createdat,15628883,15628883,2026-05-15T21:01:03,
2026-05-16,productlogs,gromo_warehouse.productslogs,createdat,3859329,3859329,2026-05-15T22:20:08,
2026-05-16,userdeviceinfos,gromo_warehouse.userdeviceinfos,createdat,10196303,10196303,2026-05-15T22:45:54,
2026-05-16,user_personas,gromo_warehouse.user_personas,createdat,770824,770824,2026-05-15T20:27:53,
2026-05-16,zohotickets,gromo_warehouse.zohotickets,createdat,191785,191785,2026-05-15T19:18:30,
2026-05-16,miscellaneousappflyerlogdatas,gromo_warehouse.miscellaneousappflyerlogdatas,createdat,1042439,1042439,2026-05-15T19:51:04,
2026-05-16,miscellaneousbranchlogdatas,gromo_warehouse.miscellaneousbranchlogdatas,createdat,535929,535929,2026-05-10T11:56:55,
2026-05-16,usercompetitorappslists,gromo_warehouse.usercompetitorappslist,createdat,53387058,53387058,2026-05-15T20:05:38,
2026-05-16,customerprofiles,gromo_warehouse.customerprofiles,createdat,375857,375857,,
2026-05-16,userproductqualities,gromo_warehouse.userproductqualities,createdat,4271287,4271287,2026-05-15T19:59:04,
2026-05-16,brelogsv2,gromo_warehouse.brelogsv2,createdat,5297157,5297157,2026-05-15T18:30:01.840000,
2026-05-16,customer-management-system.customerprofiles,gromo_warehouse.customer_management_system_customerprofiles,createdat,375857,240057,,
2026-05-16,leadinfo,gromo_warehouse.lead_info,createdat,22854825,22854824,2026-05-15T19:29:52.571000,
2026-05-16,leadpayoutinfo,gromo_warehouse.lead_payout_info,createdat,1772834,1772834,2026-05-15T13:46:52.185000,
2026-05-16,users,gromo_warehouse.gromo_fintech_users,createdat,6054255,6054252,2026-05-15T21:20:19.053000,
2026-05-16,agencyusers,gromo_warehouse.agencyusers,createdat,23750,19954,2026-05-15T15:22:53.360000,
2026-05-16,products,gromo_warehouse.products,createdat,382,336,2026-05-15T09:48:33.452000,
2026-05-17,customeraddresses,gromo_warehouse.customeraddresses,createdat,431113,431113,,
2026-05-17,customerprofessions,gromo_warehouse.customerprofessions,createdat,354549,354549,,
2026-05-17,customers,gromo_warehouse.customers,createdat,15644315,15644315,2026-05-16T21:02:59,
2026-05-17,productlogs,gromo_warehouse.productslogs,createdat,3910158,3910158,2026-05-16T22:21:30,
2026-05-17,userdeviceinfos,gromo_warehouse.userdeviceinfos,createdat,10198416,10198416,2026-05-16T22:41:49,
2026-05-17,user_personas,gromo_warehouse.user_personas,createdat,772567,772567,2026-05-16T20:31:36,
2026-05-17,zohotickets,gromo_warehouse.zohotickets,createdat,191875,191875,2026-05-16T19:18:22,
2026-05-17,miscellaneousappflyerlogdatas,gromo_warehouse.miscellaneousappflyerlogdatas,createdat,1043179,1043179,2026-05-16T19:53:06,
2026-05-17,miscellaneousbranchlogdatas,gromo_warehouse.miscellaneousbranchlogdatas,createdat,535929,535929,2026-05-10T11:56:55,
2026-05-17,usercompetitorappslists,gromo_warehouse.usercompetitorappslist,createdat,53471021,53471021,2026-05-16T20:05:29,
2026-05-17,customerprofiles,gromo_warehouse.customerprofiles,createdat,375857,375857,,
2026-05-17,userproductqualities,gromo_warehouse.userproductqualities,createdat,4272417,4272417,2026-05-16T19:58:24,
2026-05-17,brelogsv2,gromo_warehouse.brelogsv2,createdat,5263502,5263502,2026-05-16T18:29:59.841000,
2026-05-17,customer-management-system.customerprofiles,gromo_warehouse.customer_management_system_customerprofiles,createdat,375857,240057,,
2026-05-17,leadinfo,gromo_warehouse.lead_info,createdat,22871753,22871752,2026-05-16T19:29:59.378000,
2026-05-17,leadpayoutinfo,gromo_warehouse.lead_payout_info,createdat,1772899,1772899,2026-05-16T11:12:07.119000,
2026-05-17,users,gromo_warehouse.gromo_fintech_users,createdat,6055233,6055230,2026-05-16T21:06:05.167000,
2026-05-17,agencyusers,gromo_warehouse.agencyusers,createdat,23754,19958,2026-05-16T11:41:19.580000,
2026-05-17,products,gromo_warehouse.products,createdat,382,336,2026-05-15T09:48:33.452000,
2026-05-18,customeraddresses,gromo_warehouse.customeraddresses,createdat,431113,431113,,
2026-05-18,customerprofessions,gromo_warehouse.customerprofessions,createdat,354549,354549,,
2026-05-18,customers,gromo_warehouse.customers,createdat,15657181,15657181,2026-05-17T21:02:56,
2026-05-18,productlogs,gromo_warehouse.productslogs,createdat,3956700,3956700,2026-05-17T22:19:49,
2026-05-18,userdeviceinfos,gromo_warehouse.userdeviceinfos,createdat,10200589,10200589,2026-05-17T22:41:31,
2026-05-18,user_personas,gromo_warehouse.user_personas,createdat,774289,774289,2026-05-17T20:35:08,
2026-05-18,zohotickets,gromo_warehouse.zohotickets,createdat,191939,191939,2026-05-17T20:30:55,
2026-05-18,miscellaneousappflyerlogdatas,gromo_warehouse.miscellaneousappflyerlogdatas,createdat,1043644,1043644,2026-05-17T19:54:12,
2026-05-18,miscellaneousbranchlogdatas,gromo_warehouse.miscellaneousbranchlogdatas,createdat,535931,535931,2026-05-17T19:04:41,
2026-05-18,usercompetitorappslists,gromo_warehouse.usercompetitorappslist,createdat,53550332,53550332,2026-05-17T20:05:39,
2026-05-18,customerprofiles,gromo_warehouse.customerprofiles,createdat,375857,375857,,
2026-05-18,userproductqualities,gromo_warehouse.userproductqualities,createdat,4273509,4273509,2026-05-17T19:56:15,
2026-05-18,brelogsv2,gromo_warehouse.brelogsv2,createdat,5223944,5223944,2026-05-17T18:30:01.027000,
2026-05-18,customer-management-system.customerprofiles,gromo_warehouse.customer_management_system_customerprofiles,createdat,375857,240057,,
2026-05-18,leadinfo,gromo_warehouse.lead_info,createdat,22886839,22886838,2026-05-17T19:30:02.011000,
2026-05-18,leadpayoutinfo,gromo_warehouse.lead_payout_info,createdat,1772899,1772899,2026-05-16T11:12:07.119000,
2026-05-18,users,gromo_warehouse.gromo_fintech_users,createdat,6056297,6056294,2026-05-17T21:23:01.164000,
2026-05-18,agencyusers,gromo_warehouse.agencyusers,createdat,23755,19959,2026-05-17T15:51:19.574000,
2026-05-18,products,gromo_warehouse.products,createdat,382,336,2026-05-15T09:48:33.452000,
2026-05-19,customeraddresses,gromo_warehouse.customeraddresses,createdat,431113,431113,,
2026-05-19,customerprofessions,gromo_warehouse.customerprofessions,createdat,354549,354549,,
2026-05-19,customers,gromo_warehouse.customers,createdat,15672497,15672497,2026-05-18T21:09:33,
2026-05-19,productlogs,gromo_warehouse.productslogs,createdat,4006580,4006580,2026-05-18T22:20:57,
2026-05-19,userdeviceinfos,gromo_warehouse.userdeviceinfos,createdat,10202857,10202857,2026-05-18T22:38:14,
2026-05-19,user_personas,gromo_warehouse.user_personas,createdat,776065,776065,2026-05-18T20:31:20,
2026-05-19,zohotickets,gromo_warehouse.zohotickets,createdat,192038,192038,2026-05-18T18:14:44,
2026-05-19,miscellaneousappflyerlogdatas,gromo_warehouse.miscellaneousappflyerlogdatas,createdat,1044195,1044195,2026-05-18T20:04:19,
2026-05-19,miscellaneousbranchlogdatas,gromo_warehouse.miscellaneousbranchlogdatas,createdat,535932,535932,2026-05-18T11:12:36,
2026-05-19,usercompetitorappslists,gromo_warehouse.usercompetitorappslist,createdat,53640054,53640054,2026-05-18T20:05:28,
2026-05-19,customerprofiles,gromo_warehouse.customerprofiles,createdat,375857,375857,,
2026-05-19,userproductqualities,gromo_warehouse.userproductqualities,createdat,4274478,4274478,2026-05-18T19:57:17,
2026-05-19,brelogsv2,gromo_warehouse.brelogsv2,createdat,5199583,5199583,2026-05-18T18:30:01.480000,
2026-05-19,customer-management-system.customerprofiles,gromo_warehouse.customer_management_system_customerprofiles,createdat,375857,240057,,
2026-05-19,leadinfo,gromo_warehouse.lead_info,createdat,22905285,22905284,2026-05-18T19:29:48.534000,
2026-05-19,leadpayoutinfo,gromo_warehouse.lead_payout_info,createdat,1774767,1774767,2026-05-18T12:56:48.358000,
2026-05-19,users,gromo_warehouse.gromo_fintech_users,createdat,6057351,6057348,2026-05-18T21:23:26.345000,
2026-05-19,agencyusers,gromo_warehouse.agencyusers,createdat,23761,19965,2026-05-18T11:19:20.512000,
2026-05-19,products,gromo_warehouse.products,createdat,382,336,2026-05-15T09:48:33.452000,
2026-05-20,customeraddresses,gromo_warehouse.customeraddresses,createdat,431113,431113,,
2026-05-20,customerprofessions,gromo_warehouse.customerprofessions,createdat,354549,354549,,
2026-05-20,customers,gromo_warehouse.customers,createdat,15686572,15686572,2026-05-19T21:03:21,
2026-05-20,productlogs,gromo_warehouse.productslogs,createdat,4054942,4054942,2026-05-19T22:20:11,
2026-05-20,userdeviceinfos,gromo_warehouse.userdeviceinfos,createdat,10205067,10205067,2026-05-19T22:46:30,
2026-05-20,user_personas,gromo_warehouse.user_personas,createdat,777904,777904,2026-05-19T20:28:39,
2026-05-20,zohotickets,gromo_warehouse.zohotickets,createdat,192122,192122,2026-05-19T18:55:28,
2026-05-20,miscellaneousappflyerlogdatas,gromo_warehouse.miscellaneousappflyerlogdatas,createdat,1044517,1044517,2026-05-19T19:39:19,
2026-05-20,miscellaneousbranchlogdatas,gromo_warehouse.miscellaneousbranchlogdatas,createdat,535933,535933,2026-05-19T08:17:11,
2026-05-20,usercompetitorappslists,gromo_warehouse.usercompetitorappslist,createdat,53730280,53730280,2026-05-19T20:05:54,
2026-05-20,customerprofiles,gromo_warehouse.customerprofiles,createdat,375857,375857,,
2026-05-20,userproductqualities,gromo_warehouse.userproductqualities,createdat,4275382,4275382,2026-05-19T19:58:45,
2026-05-20,brelogsv2,gromo_warehouse.brelogsv2,createdat,5167463,5167463,2026-05-19T18:30:02.167000,
2026-05-20,customer-management-system.customerprofiles,gromo_warehouse.customer_management_system_customerprofiles,createdat,375857,240057,,
2026-05-20,leadinfo,gromo_warehouse.lead_info,createdat,22922498,22922497,2026-05-19T19:29:43.833000,
2026-05-20,leadpayoutinfo,gromo_warehouse.lead_payout_info,createdat,1775743,1775743,2026-05-19T13:19:57.454000,
2026-05-20,users,gromo_warehouse.gromo_fintech_users,createdat,6058384,6058381,2026-05-19T21:25:15.666000,
2026-05-20,agencyusers,gromo_warehouse.agencyusers,createdat,23773,19977,2026-05-19T14:17:59.973000,
2026-05-20,products,gromo_warehouse.products,createdat,384,338,2026-05-19T09:28:31.469000,
2026-05-21,customeraddresses,gromo_warehouse.customeraddresses,createdat,431113,431113,,
2026-05-21,customerprofessions,gromo_warehouse.customerprofessions,createdat,354549,354549,,
2026-05-21,customers,gromo_warehouse.customers,createdat,15701138,15701138,2026-05-20T21:02:18,
2026-05-21,productlogs,gromo_warehouse.productslogs,createdat,4105745,4105745,2026-05-20T22:20:20,
2026-05-21,userdeviceinfos,gromo_warehouse.userdeviceinfos,createdat,10207332,10207332,2026-05-20T22:46:35,
2026-05-21,user_personas,gromo_warehouse.user_personas,createdat,779775,779775,2026-05-20T20:35:02,
2026-05-21,zohotickets,gromo_warehouse.zohotickets,createdat,192197,192197,2026-05-20T18:52:23,
2026-05-21,miscellaneousappflyerlogdatas,gromo_warehouse.miscellaneousappflyerlogdatas,createdat,1044866,1044866,2026-05-20T19:26:54,
2026-05-21,miscellaneousbranchlogdatas,gromo_warehouse.miscellaneousbranchlogdatas,createdat,535933,535933,2026-05-19T08:17:11,
2026-05-21,usercompetitorappslists,gromo_warehouse.usercompetitorappslist,createdat,53821675,53821675,2026-05-20T20:05:37,
2026-05-21,customerprofiles,gromo_warehouse.customerprofiles,createdat,375857,375857,,
2026-05-21,userproductqualities,gromo_warehouse.userproductqualities,createdat,4276375,4276375,2026-05-20T19:59:53,
2026-05-21,brelogsv2,gromo_warehouse.brelogsv2,createdat,5148391,5148391,2026-05-20T18:29:59.762000,
2026-05-21,customer-management-system.customerprofiles,gromo_warehouse.customer_management_system_customerprofiles,createdat,375857,240057,,
2026-05-21,leadinfo,gromo_warehouse.lead_info,createdat,22939249,22939248,2026-05-20T19:29:55.851000,
2026-05-21,leadpayoutinfo,gromo_warehouse.lead_payout_info,createdat,1776605,1776605,2026-05-20T12:01:23.541000,
2026-05-21,users,gromo_warehouse.gromo_fintech_users,createdat,6059488,6059485,2026-05-20T21:26:43.057000,
2026-05-21,agencyusers,gromo_warehouse.agencyusers,createdat,23782,19986,2026-05-20T14:00:12.496000,
2026-05-21,products,gromo_warehouse.products,createdat,384,338,2026-05-19T09:28:31.469000,
2026-05-22,customeraddresses,gromo_warehouse.customeraddresses,createdat,431113,431113,,
2026-05-22,customerprofessions,gromo_warehouse.customerprofessions,createdat,354549,354549,,
2026-05-22,customers,gromo_warehouse.customers,createdat,15716961,15716961,2026-05-21T21:11:52,
2026-05-22,productlogs,gromo_warehouse.productslogs,createdat,4158321,4158321,2026-05-21T22:20:01,
2026-05-22,userdeviceinfos,gromo_warehouse.userdeviceinfos,createdat,10209399,10209399,2026-05-21T22:45:59,
2026-05-22,user_personas,gromo_warehouse.user_personas,createdat,781494,781494,2026-05-21T20:30:43,
2026-05-22,zohotickets,gromo_warehouse.zohotickets,createdat,192287,192287,2026-05-21T19:53:34,
2026-05-22,miscellaneousappflyerlogdatas,gromo_warehouse.miscellaneousappflyerlogdatas,createdat,1045179,1045179,2026-05-21T19:20:28,
2026-05-22,miscellaneousbranchlogdatas,gromo_warehouse.miscellaneousbranchlogdatas,createdat,535933,535933,2026-05-19T08:17:11,
2026-05-22,usercompetitorappslists,gromo_warehouse.usercompetitorappslist,createdat,53908625,53908625,2026-05-21T20:05:27,
2026-05-22,customerprofiles,gromo_warehouse.customerprofiles,createdat,375857,375857,,
2026-05-22,userproductqualities,gromo_warehouse.userproductqualities,createdat,4277276,4277276,2026-05-21T19:59:35,
2026-05-22,brelogsv2,gromo_warehouse.brelogsv2,createdat,5135780,5135780,2026-05-21T18:30:01.304000,
2026-05-22,customer-management-system.customerprofiles,gromo_warehouse.customer_management_system_customerprofiles,createdat,375857,240057,,
2026-05-22,leadinfo,gromo_warehouse.lead_info,createdat,22957400,22957399,2026-05-21T19:29:48.859000,
2026-05-22,leadpayoutinfo,gromo_warehouse.lead_payout_info,createdat,1777267,1777267,2026-05-21T10:34:55.105000,
2026-05-22,users,gromo_warehouse.gromo_fintech_users,createdat,6060441,6060438,2026-05-21T21:19:23.823000,
2026-05-22,agencyusers,gromo_warehouse.agencyusers,createdat,23797,20001,2026-05-21T19:23:54.074000,
2026-05-22,products,gromo_warehouse.products,createdat,384,338,2026-05-19T09:28:31.469000,
2026-05-23,customeraddresses,gromo_warehouse.customeraddresses,createdat,431113,431113,,
2026-05-23,customerprofessions,gromo_warehouse.customerprofessions,createdat,354549,354549,,
2026-05-23,customers,gromo_warehouse.customers,createdat,15732798,15732798,2026-05-22T21:09:39,
2026-05-23,productlogs,gromo_warehouse.productslogs,createdat,4209107,4209107,2026-05-22T22:17:49,
2026-05-23,userdeviceinfos,gromo_warehouse.userdeviceinfos,createdat,10212074,10212074,2026-05-22T22:47:16,
2026-05-23,user_personas,gromo_warehouse.user_personas,createdat,783579,783579,2026-05-22T20:34:33,
2026-05-23,zohotickets,gromo_warehouse.zohotickets,createdat,192387,192387,2026-05-22T20:16:02,
2026-05-23,miscellaneousappflyerlogdatas,gromo_warehouse.miscellaneousappflyerlogdatas,createdat,1045508,1045508,2026-05-22T20:04:24,
2026-05-23,miscellaneousbranchlogdatas,gromo_warehouse.miscellaneousbranchlogdatas,createdat,535933,535933,2026-05-19T08:17:11,
2026-05-23,usercompetitorappslists,gromo_warehouse.usercompetitorappslist,createdat,53997149,53997149,2026-05-22T20:05:42,
2026-05-23,customerprofiles,gromo_warehouse.customerprofiles,createdat,375857,375857,,
2026-05-23,userproductqualities,gromo_warehouse.userproductqualities,createdat,4278132,4278132,2026-05-22T19:55:47,
2026-05-23,brelogsv2,gromo_warehouse.brelogsv2,createdat,5125423,5125423,2026-05-22T18:30:00.805000,
2026-05-23,customer-management-system.customerprofiles,gromo_warehouse.customer_management_system_customerprofiles,createdat,375857,240057,,
2026-05-23,leadinfo,gromo_warehouse.lead_info,createdat,22975357,22975356,2026-05-22T19:29:53.702000,
2026-05-23,leadpayoutinfo,gromo_warehouse.lead_payout_info,createdat,1779463,1779463,2026-05-22T12:19:31.651000,
2026-05-23,users,gromo_warehouse.gromo_fintech_users,createdat,6061860,6061857,2026-05-22T21:19:01.181000,
2026-05-23,agencyusers,gromo_warehouse.agencyusers,createdat,23803,20007,2026-05-22T16:36:54.350000,
2026-05-23,products,gromo_warehouse.products,createdat,384,338,2026-05-19T09:28:31.469000,
2026-05-24,customeraddresses,gromo_warehouse.customeraddresses,createdat,431113,431113,,
2026-05-24,customerprofessions,gromo_warehouse.customerprofessions,createdat,354549,354549,,
2026-05-24,customers,gromo_warehouse.customers,createdat,15748453,15748453,2026-05-23T21:03:20,
2026-05-24,productlogs,gromo_warehouse.productslogs,createdat,4262676,4262676,2026-05-23T22:20:01,
2026-05-24,userdeviceinfos,gromo_warehouse.userdeviceinfos,createdat,10214790,10214790,2026-05-23T22:37:23,
2026-05-24,user_personas,gromo_warehouse.user_personas,createdat,785731,785731,2026-05-23T20:33:38,
2026-05-24,zohotickets,gromo_warehouse.zohotickets,createdat,192451,192451,2026-05-23T20:00:56,
2026-05-24,miscellaneousappflyerlogdatas,gromo_warehouse.miscellaneousappflyerlogdatas,createdat,1045716,1045716,2026-05-23T19:36:28,
2026-05-24,miscellaneousbranchlogdatas,gromo_warehouse.miscellaneousbranchlogdatas,createdat,535933,535933,2026-05-19T08:17:11,
2026-05-24,usercompetitorappslists,gromo_warehouse.usercompetitorappslist,createdat,54083145,54083145,2026-05-23T20:05:29,
2026-05-24,customerprofiles,gromo_warehouse.customerprofiles,createdat,375857,375857,,
2026-05-24,userproductqualities,gromo_warehouse.userproductqualities,createdat,4279060,4279060,2026-05-23T19:50:44,
2026-05-24,brelogsv2,gromo_warehouse.brelogsv2,createdat,5122692,5122692,2026-05-23T18:29:59.950000,
2026-05-24,customer-management-system.customerprofiles,gromo_warehouse.customer_management_system_customerprofiles,createdat,375857,240057,,
2026-05-24,leadinfo,gromo_warehouse.lead_info,createdat,22992695,22992694,2026-05-23T19:29:56.857000,
2026-05-24,leadpayoutinfo,gromo_warehouse.lead_payout_info,createdat,1779463,1779463,2026-05-22T12:19:31.651000,
2026-05-24,users,gromo_warehouse.gromo_fintech_users,createdat,6063255,6063252,2026-05-23T21:19:20.242000,
2026-05-24,agencyusers,gromo_warehouse.agencyusers,createdat,23804,20008,2026-05-23T16:04:02.606000,
2026-05-24,products,gromo_warehouse.products,createdat,384,338,2026-05-19T09:28:31.469000,
2026-05-25,customeraddresses,gromo_warehouse.customeraddresses,createdat,431113,431113,,
2026-05-25,customerprofessions,gromo_warehouse.customerprofessions,createdat,354549,354549,,
2026-05-25,customers,gromo_warehouse.customers,createdat,15762592,15762592,2026-05-24T21:02:58,
2026-05-25,productlogs,gromo_warehouse.productslogs,createdat,4312895,4312895,2026-05-24T22:19:29,
2026-05-25,userdeviceinfos,gromo_warehouse.userdeviceinfos,createdat,10217170,10217170,2026-05-24T22:31:26,
2026-05-25,user_personas,gromo_warehouse.user_personas,createdat,787611,787611,2026-05-24T20:30:09,
2026-05-25,zohotickets,gromo_warehouse.zohotickets,createdat,192497,192497,2026-05-24T19:58:13,
2026-05-25,miscellaneousappflyerlogdatas,gromo_warehouse.miscellaneousappflyerlogdatas,createdat,1045981,1045981,2026-05-24T19:05:08,
2026-05-25,miscellaneousbranchlogdatas,gromo_warehouse.miscellaneousbranchlogdatas,createdat,535933,535933,2026-05-19T08:17:11,
2026-05-25,usercompetitorappslists,gromo_warehouse.usercompetitorappslist,createdat,54159848,54159848,2026-05-24T20:05:40,
2026-05-25,customerprofiles,gromo_warehouse.customerprofiles,createdat,375857,375857,,
2026-05-25,userproductqualities,gromo_warehouse.userproductqualities,createdat,4279921,4279921,2026-05-24T19:55:37,
2026-05-25,brelogsv2,gromo_warehouse.brelogsv2,createdat,5113639,5113639,2026-05-24T18:30:01.618000,
2026-05-25,customer-management-system.customerprofiles,gromo_warehouse.customer_management_system_customerprofiles,createdat,375857,240057,,
2026-05-25,leadinfo,gromo_warehouse.lead_info,createdat,23007442,23007441,2026-05-24T19:29:50.714000,
2026-05-25,leadpayoutinfo,gromo_warehouse.lead_payout_info,createdat,1779463,1779463,2026-05-22T12:19:31.651000,
2026-05-25,users,gromo_warehouse.gromo_fintech_users,createdat,6064482,6064479,2026-05-24T21:25:56.372000,
2026-05-25,agencyusers,gromo_warehouse.agencyusers,createdat,23805,20009,2026-05-24T13:12:40.893000,
2026-05-25,products,gromo_warehouse.products,createdat,384,338,2026-05-19T09:28:31.469000,
2026-05-26,customeraddresses,gromo_warehouse.customeraddresses,createdat,431113,431113,,
2026-05-26,customerprofessions,gromo_warehouse.customerprofessions,createdat,354549,354549,,
2026-05-26,customers,gromo_warehouse.customers,createdat,15778999,15778999,2026-05-25T21:09:57,
2026-05-26,productlogs,gromo_warehouse.productslogs,createdat,4362755,4362755,2026-05-25T22:20:09,
2026-05-26,userdeviceinfos,gromo_warehouse.userdeviceinfos,createdat,10219512,10219512,2026-05-25T22:46:04,
2026-05-26,user_personas,gromo_warehouse.user_personas,createdat,789493,789493,2026-05-25T20:35:07,
2026-05-26,zohotickets,gromo_warehouse.zohotickets,createdat,192590,192590,2026-05-25T19:28:51,
2026-05-26,miscellaneousappflyerlogdatas,gromo_warehouse.miscellaneousappflyerlogdatas,createdat,1046247,1046247,2026-05-25T19:50:45,
2026-05-26,miscellaneousbranchlogdatas,gromo_warehouse.miscellaneousbranchlogdatas,createdat,535934,535934,2026-05-25T04:03:59,
2026-05-26,usercompetitorappslists,gromo_warehouse.usercompetitorappslist,createdat,54253565,54253565,2026-05-25T20:05:21,
2026-05-26,customerprofiles,gromo_warehouse.customerprofiles,createdat,375857,375857,,
2026-05-26,userproductqualities,gromo_warehouse.userproductqualities,createdat,4280667,4280667,2026-05-25T19:59:50,
2026-05-26,brelogsv2,gromo_warehouse.brelogsv2,createdat,5105197,5105197,2026-05-25T18:29:59.484000,
2026-05-26,customer-management-system.customerprofiles,gromo_warehouse.customer_management_system_customerprofiles,createdat,375857,240057,,
2026-05-26,leadinfo,gromo_warehouse.lead_info,createdat,23021436,23021435,2026-05-25T19:29:53.480000,
2026-05-26,leadpayoutinfo,gromo_warehouse.lead_payout_info,createdat,1781005,1781005,2026-05-25T12:32:28.843000,
2026-05-26,users,gromo_warehouse.gromo_fintech_users,createdat,6065541,6065538,2026-05-25T21:19:51.134000,
2026-05-26,agencyusers,gromo_warehouse.agencyusers,createdat,23815,20019,2026-05-25T11:53:09.727000,
2026-05-26,products,gromo_warehouse.products,createdat,384,338,2026-05-19T09:28:31.469000,
2026-05-27,customeraddresses,gromo_warehouse.customeraddresses,createdat,431113,431113,,
2026-05-27,customerprofessions,gromo_warehouse.customerprofessions,createdat,354549,354549,,
2026-05-27,customers,gromo_warehouse.customers,createdat,15794678,15794678,2026-05-26T21:10:32,
2026-05-27,productlogs,gromo_warehouse.productslogs,createdat,4416753,4416753,2026-05-26T22:20:12,
2026-05-27,userdeviceinfos,gromo_warehouse.userdeviceinfos,createdat,10221779,10221779,2026-05-26T22:34:01,
2026-05-27,user_personas,gromo_warehouse.user_personas,createdat,791345,791345,2026-05-26T20:28:07,
2026-05-27,zohotickets,gromo_warehouse.zohotickets,createdat,192659,192659,2026-05-26T18:00:41,
2026-05-27,miscellaneousappflyerlogdatas,gromo_warehouse.miscellaneousappflyerlogdatas,createdat,1046523,1046523,2026-05-26T19:40:07,
2026-05-27,miscellaneousbranchlogdatas,gromo_warehouse.miscellaneousbranchlogdatas,createdat,535934,535934,2026-05-25T04:03:59,
2026-05-27,usercompetitorappslists,gromo_warehouse.usercompetitorappslist,createdat,54346723,54346723,2026-05-26T20:05:08,
2026-05-27,customerprofiles,gromo_warehouse.customerprofiles,createdat,375857,375857,,
2026-05-27,userproductqualities,gromo_warehouse.userproductqualities,createdat,4281497,4281497,2026-05-26T19:54:59,
2026-05-27,brelogsv2,gromo_warehouse.brelogsv2,createdat,5110354,5110354,2026-05-26T18:29:57.875000,
2026-05-27,customer-management-system.customerprofiles,gromo_warehouse.customer_management_system_customerprofiles,createdat,375857,240057,,
2026-05-27,leadinfo,gromo_warehouse.lead_info,createdat,23036349,23036348,2026-05-26T19:29:41.818000,
2026-05-27,leadpayoutinfo,gromo_warehouse.lead_payout_info,createdat,1781651,1781651,2026-05-26T11:46:30.003000,
2026-05-27,users,gromo_warehouse.gromo_fintech_users,createdat,6066616,6066613,2026-05-26T21:26:13.991000,
2026-05-27,agencyusers,gromo_warehouse.agencyusers,createdat,23824,20028,2026-05-26T13:01:04.455000,
2026-05-27,products,gromo_warehouse.products,createdat,384,338,2026-05-19T09:28:31.469000,
2026-05-28,customeraddresses,gromo_warehouse.customeraddresses,createdat,431113,431113,,
2026-05-28,customerprofessions,gromo_warehouse.customerprofessions,createdat,354549,354549,,
2026-05-28,customers,gromo_warehouse.customers,createdat,15809985,15809985,2026-05-27T21:11:24,
2026-05-28,productlogs,gromo_warehouse.productslogs,createdat,4468469,4468469,2026-05-27T22:20:50,
2026-05-28,userdeviceinfos,gromo_warehouse.userdeviceinfos,createdat,10224079,10224079,2026-05-27T22:33:59,
2026-05-28,user_personas,gromo_warehouse.user_personas,createdat,793220,793220,2026-05-27T20:30:24,
2026-05-28,zohotickets,gromo_warehouse.zohotickets,createdat,192719,192719,2026-05-27T20:00:36,
2026-05-28,miscellaneousappflyerlogdatas,gromo_warehouse.miscellaneousappflyerlogdatas,createdat,1046855,1046855,2026-05-27T19:56:07,
2026-05-28,miscellaneousbranchlogdatas,gromo_warehouse.miscellaneousbranchlogdatas,createdat,535934,535934,2026-05-25T04:03:59,
2026-05-28,usercompetitorappslists,gromo_warehouse.usercompetitorappslist,createdat,54438817,54438817,2026-05-27T20:05:36,
2026-05-28,customerprofiles,gromo_warehouse.customerprofiles,createdat,375857,375857,,
2026-05-28,userproductqualities,gromo_warehouse.userproductqualities,createdat,4282392,4282392,2026-05-27T19:51:01,
2026-05-28,brelogsv2,gromo_warehouse.brelogsv2,createdat,5116622,5116622,2026-05-27T18:30:00.867000,
2026-05-28,customer-management-system.customerprofiles,gromo_warehouse.customer_management_system_customerprofiles,createdat,375857,240057,,
2026-05-28,leadinfo,gromo_warehouse.lead_info,createdat,0,0,,
2026-05-28,leadpayoutinfo,gromo_warehouse.lead_payout_info,createdat,1782588,1782588,2026-05-27T12:52:38.743000,
2026-05-28,users,gromo_warehouse.gromo_fintech_users,createdat,6067652,6067649,2026-05-27T21:25:59.563000,
2026-05-28,agencyusers,gromo_warehouse.agencyusers,createdat,23831,20035,2026-05-27T11:17:41.475000,
2026-05-28,products,gromo_warehouse.products,createdat,384,338,2026-05-19T09:28:31.469000,
2026-05-29,customeraddresses,gromo_warehouse.customeraddresses,createdat,431113,431113,,
2026-05-29,customerprofessions,gromo_warehouse.customerprofessions,createdat,354549,354549,,
2026-05-29,customers,gromo_warehouse.customers,createdat,15826072,15826072,2026-05-28T21:09:54,
2026-05-29,productlogs,gromo_warehouse.productslogs,createdat,4523765,4523765,2026-05-28T22:17:14,
2026-05-29,userdeviceinfos,gromo_warehouse.userdeviceinfos,createdat,10226176,10226176,2026-05-28T22:31:31,
2026-05-29,user_personas,gromo_warehouse.user_personas,createdat,794962,794962,2026-05-28T20:33:49,
2026-05-29,zohotickets,gromo_warehouse.zohotickets,createdat,192793,192793,2026-05-28T20:26:43,
2026-05-29,miscellaneousappflyerlogdatas,gromo_warehouse.miscellaneousappflyerlogdatas,createdat,1047145,1047145,2026-05-28T19:37:08,
2026-05-29,miscellaneousbranchlogdatas,gromo_warehouse.miscellaneousbranchlogdatas,createdat,535934,535934,2026-05-25T04:03:59,
2026-05-29,usercompetitorappslists,gromo_warehouse.usercompetitorappslist,createdat,54527169,54527169,2026-05-28T20:04:53,
2026-05-29,customerprofiles,gromo_warehouse.customerprofiles,createdat,375857,375857,,
2026-05-29,userproductqualities,gromo_warehouse.userproductqualities,createdat,4283223,4283223,2026-05-28T19:59:34,
2026-05-29,brelogsv2,gromo_warehouse.brelogsv2,createdat,5132630,5132630,2026-05-28T18:29:58.132000,
2026-05-29,customer-management-system.customerprofiles,gromo_warehouse.customer_management_system_customerprofiles,createdat,375857,240057,,
2026-05-29,leadinfo,gromo_warehouse.lead_info,createdat,0,0,,
2026-05-29,leadpayoutinfo,gromo_warehouse.lead_payout_info,createdat,1783244,1783244,2026-05-28T12:34:30.006000,
2026-05-29,users,gromo_warehouse.gromo_fintech_users,createdat,6068807,6068804,2026-05-28T21:29:00.860000,
2026-05-29,agencyusers,gromo_warehouse.agencyusers,createdat,23840,20044,2026-05-28T13:43:36.109000,
2026-05-29,products,gromo_warehouse.products,createdat,384,338,2026-05-19T09:28:31.469000,
2026-05-30,customeraddresses,gromo_warehouse.customeraddresses,createdat,431113,431113,,
2026-05-30,customerprofessions,gromo_warehouse.customerprofessions,createdat,354549,354549,,
2026-05-30,customers,gromo_warehouse.customers,createdat,15826072,15826072,2026-05-28T21:09:54,
2026-05-30,productlogs,gromo_warehouse.productslogs,createdat,4523765,4523765,2026-05-28T22:17:14,
2026-05-30,userdeviceinfos,gromo_warehouse.userdeviceinfos,createdat,10226176,10226176,2026-05-28T22:31:31,
2026-05-30,user_personas,gromo_warehouse.user_personas,createdat,794962,794962,2026-05-28T20:33:49,
2026-05-30,zohotickets,gromo_warehouse.zohotickets,createdat,192793,192793,2026-05-28T20:26:43,
2026-05-30,miscellaneousappflyerlogdatas,gromo_warehouse.miscellaneousappflyerlogdatas,createdat,1047145,1047145,2026-05-28T19:37:08,
2026-05-30,miscellaneousbranchlogdatas,gromo_warehouse.miscellaneousbranchlogdatas,createdat,535934,535934,2026-05-25T04:03:59,
2026-05-30,usercompetitorappslists,gromo_warehouse.usercompetitorappslist,createdat,54527169,54527169,2026-05-28T20:04:53,
2026-05-30,customerprofiles,gromo_warehouse.customerprofiles,createdat,375857,375857,,
2026-05-30,userproductqualities,gromo_warehouse.userproductqualities,createdat,4283223,4283223,2026-05-28T19:59:34,
2026-05-30,brelogsv2,gromo_warehouse.brelogsv2,createdat,5144466,5144466,2026-05-29T18:30:01.013000,
2026-05-30,customer-management-system.customerprofiles,gromo_warehouse.customer_management_system_customerprofiles,createdat,375857,240057,,
2026-05-30,leadinfo,gromo_warehouse.lead_info,createdat,0,0,,
2026-05-30,leadpayoutinfo,gromo_warehouse.lead_payout_info,createdat,1784291,1784291,2026-05-29T11:34:48.347000,
2026-05-30,users,gromo_warehouse.gromo_fintech_users,createdat,6069857,6069854,2026-05-29T21:26:40.380000,
2026-05-30,agencyusers,gromo_warehouse.agencyusers,createdat,23851,20055,2026-05-29T16:48:16.050000,
2026-05-30,products,gromo_warehouse.products,createdat,385,339,2026-05-29T06:04:09.178000,
2026-05-31,customeraddresses,gromo_warehouse.customeraddresses,createdat,431113,431113,,
2026-05-31,customerprofessions,gromo_warehouse.customerprofessions,createdat,354549,354549,,
2026-05-31,customers,gromo_warehouse.customers,createdat,15826072,15826072,2026-05-28T21:09:54,
2026-05-31,productlogs,gromo_warehouse.productslogs,createdat,4523765,4523765,2026-05-28T22:17:14,
2026-05-31,userdeviceinfos,gromo_warehouse.userdeviceinfos,createdat,10226176,10226176,2026-05-28T22:31:31,
2026-05-31,user_personas,gromo_warehouse.user_personas,createdat,794962,794962,2026-05-28T20:33:49,
2026-05-31,zohotickets,gromo_warehouse.zohotickets,createdat,192793,192793,2026-05-28T20:26:43,
2026-05-31,miscellaneousappflyerlogdatas,gromo_warehouse.miscellaneousappflyerlogdatas,createdat,1047145,1047145,2026-05-28T19:37:08,
2026-05-31,miscellaneousbranchlogdatas,gromo_warehouse.miscellaneousbranchlogdatas,createdat,535934,535934,2026-05-25T04:03:59,
2026-05-31,usercompetitorappslists,gromo_warehouse.usercompetitorappslist,createdat,54527169,54527169,2026-05-28T20:04:53,
2026-05-31,customerprofiles,gromo_warehouse.customerprofiles,createdat,375857,375857,,
2026-05-31,userproductqualities,gromo_warehouse.userproductqualities,createdat,4283223,4283223,2026-05-28T19:59:34,
2026-05-31,brelogsv2,gromo_warehouse.brelogsv2,createdat,5158665,5158665,2026-05-30T18:29:58.453000,
2026-05-31,customer-management-system.customerprofiles,gromo_warehouse.customer_management_system_customerprofiles,createdat,375857,240057,,
2026-05-31,leadinfo,gromo_warehouse.lead_info,createdat,0,0,,
2026-05-31,leadpayoutinfo,gromo_warehouse.lead_payout_info,createdat,1784291,1784291,2026-05-29T11:34:48.347000,
2026-05-31,users,gromo_warehouse.gromo_fintech_users,createdat,6070983,6070980,2026-05-30T21:54:51.632000,
2026-05-31,agencyusers,gromo_warehouse.agencyusers,createdat,23861,20065,2026-05-30T16:05:38.502000,
2026-05-31,products,gromo_warehouse.products,createdat,385,339,2026-05-29T06:04:09.178000,
2026-06-01,customeraddresses,gromo_warehouse.customeraddresses,createdat,431113,431113,,
2026-06-01,customerprofessions,gromo_warehouse.customerprofessions,createdat,354549,354549,,
2026-06-01,customers,gromo_warehouse.customers,createdat,15826072,15826072,2026-05-28T21:09:54,
2026-06-01,productlogs,gromo_warehouse.productslogs,createdat,4523765,4523765,2026-05-28T22:17:14,
2026-06-01,userdeviceinfos,gromo_warehouse.userdeviceinfos,createdat,10226176,10226176,2026-05-28T22:31:31,
2026-06-01,user_personas,gromo_warehouse.user_personas,createdat,794962,794962,2026-05-28T20:33:49,
2026-06-01,zohotickets,gromo_warehouse.zohotickets,createdat,192793,192793,2026-05-28T20:26:43,
2026-06-01,miscellaneousappflyerlogdatas,gromo_warehouse.miscellaneousappflyerlogdatas,createdat,1047145,1047145,2026-05-28T19:37:08,
2026-06-01,miscellaneousbranchlogdatas,gromo_warehouse.miscellaneousbranchlogdatas,createdat,535934,535934,2026-05-25T04:03:59,
2026-06-01,usercompetitorappslists,gromo_warehouse.usercompetitorappslist,createdat,54527169,54527169,2026-05-28T20:04:53,
2026-06-01,customerprofiles,gromo_warehouse.customerprofiles,createdat,375857,375857,,
2026-06-01,userproductqualities,gromo_warehouse.userproductqualities,createdat,4283223,4283223,2026-05-28T19:59:34,
2026-06-01,brelogsv2,gromo_warehouse.brelogsv2,createdat,5173859,5173859,2026-05-31T18:30:01.051000,
2026-06-01,customer-management-system.customerprofiles,gromo_warehouse.customer_management_system_customerprofiles,createdat,375857,240057,,
2026-06-01,leadinfo,gromo_warehouse.lead_info,createdat,23117746,23117745,2026-06-01T04:40:39.703000,
2026-06-01,leadpayoutinfo,gromo_warehouse.lead_payout_info,createdat,1784291,1784291,2026-05-29T11:34:48.347000,
2026-06-01,users,gromo_warehouse.gromo_fintech_users,createdat,6072008,6072005,2026-05-31T21:51:31.969000,
2026-06-01,agencyusers,gromo_warehouse.agencyusers,createdat,23864,20068,2026-05-31T18:21:51.674000,
2026-06-01,products,gromo_warehouse.products,createdat,385,339,2026-05-29T06:04:09.178000,
2026-06-02,customeraddresses,gromo_warehouse.customeraddresses,createdat,431113,431113,,
2026-06-02,customerprofessions,gromo_warehouse.customerprofessions,createdat,354549,354549,,
2026-06-02,customers,gromo_warehouse.customers,createdat,15826072,15826072,2026-05-28T21:09:54,
2026-06-02,productlogs,gromo_warehouse.productslogs,createdat,4523765,4523765,2026-05-28T22:17:14,
2026-06-02,userdeviceinfos,gromo_warehouse.userdeviceinfos,createdat,10226176,10226176,2026-05-28T22:31:31,
2026-06-02,user_personas,gromo_warehouse.user_personas,createdat,794962,794962,2026-05-28T20:33:49,
2026-06-02,zohotickets,gromo_warehouse.zohotickets,createdat,192793,192793,2026-05-28T20:26:43,
2026-06-02,miscellaneousappflyerlogdatas,gromo_warehouse.miscellaneousappflyerlogdatas,createdat,1047145,1047145,2026-05-28T19:37:08,
2026-06-02,miscellaneousbranchlogdatas,gromo_warehouse.miscellaneousbranchlogdatas,createdat,535934,535934,2026-05-25T04:03:59,
2026-06-02,usercompetitorappslists,gromo_warehouse.usercompetitorappslist,createdat,54527169,54527169,2026-05-28T20:04:53,
2026-06-02,customerprofiles,gromo_warehouse.customerprofiles,createdat,375857,375857,,
2026-06-02,userproductqualities,gromo_warehouse.userproductqualities,createdat,4283223,4283223,2026-05-28T19:59:34,
2026-06-02,brelogsv2,gromo_warehouse.brelogsv2,createdat,5199961,5199961,2026-06-01T18:30:01.529000,
2026-06-02,customer-management-system.customerprofiles,gromo_warehouse.customer_management_system_customerprofiles,createdat,375857,240057,,
2026-06-02,leadinfo,gromo_warehouse.lead_info,createdat,23133628,23133627,2026-06-01T20:30:01.032000,
2026-06-02,leadpayoutinfo,gromo_warehouse.lead_payout_info,createdat,1785730,1785730,2026-06-01T10:51:14.265000,
2026-06-02,users,gromo_warehouse.gromo_fintech_users,createdat,6073095,6073092,2026-06-02T00:25:47.824000,
2026-06-02,agencyusers,gromo_warehouse.agencyusers,createdat,23904,20108,2026-06-01T12:46:53.830000,
2026-06-02,products,gromo_warehouse.products,createdat,385,339,2026-05-29T06:04:09.178000,
2026-06-03,customeraddresses,gromo_warehouse.customeraddresses,createdat,431113,431113,,
2026-06-03,customerprofessions,gromo_warehouse.customerprofessions,createdat,354549,354549,,
2026-06-03,customers,gromo_warehouse.customers,createdat,15826072,15826072,2026-05-28T21:09:54,
2026-06-03,productlogs,gromo_warehouse.productslogs,createdat,4523765,4523765,2026-05-28T22:17:14,
2026-06-03,userdeviceinfos,gromo_warehouse.userdeviceinfos,createdat,10226176,10226176,2026-05-28T22:31:31,
2026-06-03,user_personas,gromo_warehouse.user_personas,createdat,794962,794962,2026-05-28T20:33:49,
2026-06-03,zohotickets,gromo_warehouse.zohotickets,createdat,192793,192793,2026-05-28T20:26:43,
2026-06-03,miscellaneousappflyerlogdatas,gromo_warehouse.miscellaneousappflyerlogdatas,createdat,1047145,1047145,2026-05-28T19:37:08,
2026-06-03,miscellaneousbranchlogdatas,gromo_warehouse.miscellaneousbranchlogdatas,createdat,535934,535934,2026-05-25T04:03:59,
2026-06-03,usercompetitorappslists,gromo_warehouse.usercompetitorappslist,createdat,54527169,54527169,2026-05-28T20:04:53,
2026-06-03,customerprofiles,gromo_warehouse.customerprofiles,createdat,375857,375857,,
2026-06-03,userproductqualities,gromo_warehouse.userproductqualities,createdat,4283223,4283223,2026-05-28T19:59:34,
2026-06-03,brelogsv2,gromo_warehouse.brelogsv2,createdat,5223801,5223801,2026-06-02T18:30:01.719000,
2026-06-03,customer-management-system.customerprofiles,gromo_warehouse.customer_management_system_customerprofiles,createdat,375857,240057,,
2026-06-03,leadinfo,gromo_warehouse.lead_info,createdat,23153855,23153854,2026-06-02T20:29:54.710000,
2026-06-03,leadpayoutinfo,gromo_warehouse.lead_payout_info,createdat,1785898,1785898,2026-06-02T06:21:03.553000,
2026-06-03,users,gromo_warehouse.gromo_fintech_users,createdat,6074198,6074195,2026-06-03T00:07:51.683000,
2026-06-03,agencyusers,gromo_warehouse.agencyusers,createdat,23909,20113,2026-06-02T12:28:44.998000,
2026-06-03,products,gromo_warehouse.products,createdat,385,339,2026-05-29T06:04:09.178000,
2026-06-04,customeraddresses,gromo_warehouse.customeraddresses,createdat,431113,431113,,
2026-06-04,customerprofessions,gromo_warehouse.customerprofessions,createdat,354549,354549,,
2026-06-04,customers,gromo_warehouse.customers,createdat,15826071,15826071,2026-05-28T21:09:54,
2026-06-04,productlogs,gromo_warehouse.productslogs,createdat,4523765,4523765,2026-05-28T22:17:14,
2026-06-04,userdeviceinfos,gromo_warehouse.userdeviceinfos,createdat,10226176,10226176,2026-05-28T22:31:31,
2026-06-04,user_personas,gromo_warehouse.user_personas,createdat,805821,805821,2026-06-04T06:08:07,
2026-06-04,zohotickets,gromo_warehouse.zohotickets,createdat,193292,193292,2026-06-04T06:20:09,
2026-06-04,miscellaneousappflyerlogdatas,gromo_warehouse.miscellaneousappflyerlogdatas,createdat,1049091,1049091,2026-06-04T06:00:33,
2026-06-04,miscellaneousbranchlogdatas,gromo_warehouse.miscellaneousbranchlogdatas,createdat,535936,535936,2026-06-02T11:16:00,
2026-06-04,usercompetitorappslists,gromo_warehouse.usercompetitorappslist,createdat,55065860,55065860,2026-06-04T06:15:18,
2026-06-04,customerprofiles,gromo_warehouse.customerprofiles,createdat,375857,375857,,
2026-06-04,userproductqualities,gromo_warehouse.userproductqualities,createdat,4288506,4288506,2026-06-04T06:09:22,
2026-06-04,brelogsv2,gromo_warehouse.brelogsv2,createdat,5241948,5241948,2026-06-03T18:30:00.739000,
2026-06-04,customer-management-system.customerprofiles,gromo_warehouse.customer_management_system_customerprofiles,createdat,375857,240057,,
2026-06-04,leadinfo,gromo_warehouse.lead_info,createdat,23173012,23173011,2026-06-03T20:29:58.604000,
2026-06-04,leadpayoutinfo,gromo_warehouse.lead_payout_info,createdat,1790991,1790991,2026-06-03T12:54:20.064000,
2026-06-04,users,gromo_warehouse.gromo_fintech_users,createdat,6075425,6075422,2026-06-04T00:26:16.605000,
2026-06-04,agencyusers,gromo_warehouse.agencyusers,createdat,23914,20118,2026-06-03T16:36:50.349000,
2026-06-04,products,gromo_warehouse.products,createdat,386,340,2026-06-03T09:27:40.309000,
2026-06-05,customeraddresses,gromo_warehouse.customeraddresses,createdat,431113,431113,,
2026-06-05,customerprofessions,gromo_warehouse.customerprofessions,createdat,354549,354549,,
2026-06-05,customers,gromo_warehouse.customers,createdat,15957903,15957903,2026-06-04T20:45:34,
2026-06-05,productlogs,gromo_warehouse.productslogs,createdat,5045596,5045596,2026-06-04T22:21:20,
2026-06-05,userdeviceinfos,gromo_warehouse.userdeviceinfos,createdat,10241110,10241110,2026-06-04T22:40:50,
2026-06-05,user_personas,gromo_warehouse.user_personas,createdat,807168,807168,2026-06-04T20:24:39,
2026-06-05,zohotickets,gromo_warehouse.zohotickets,createdat,193342,193342,2026-06-04T18:22:27,
2026-06-05,miscellaneousappflyerlogdatas,gromo_warehouse.miscellaneousappflyerlogdatas,createdat,1049266,1049266,2026-06-04T19:53:32,
2026-06-05,miscellaneousbranchlogdatas,gromo_warehouse.miscellaneousbranchlogdatas,createdat,535936,535936,2026-06-02T11:16:00,
2026-06-05,usercompetitorappslists,gromo_warehouse.usercompetitorappslist,createdat,55128197,55128197,2026-06-04T20:05:39,
2026-06-05,customerprofiles,gromo_warehouse.customerprofiles,createdat,375857,375857,,
2026-06-05,userproductqualities,gromo_warehouse.userproductqualities,createdat,4289197,4289197,2026-06-04T20:00:05,
2026-06-05,brelogsv2,gromo_warehouse.brelogsv2,createdat,5265782,5265782,2026-06-04T18:29:58.637000,
2026-06-05,customer-management-system.customerprofiles,gromo_warehouse.customer_management_system_customerprofiles,createdat,375857,240057,,
2026-06-05,leadinfo,gromo_warehouse.lead_info,createdat,23190685,23190684,2026-06-04T20:29:26.577000,
2026-06-05,leadpayoutinfo,gromo_warehouse.lead_payout_info,createdat,1791403,1791403,2026-06-04T12:29:28.472000,
2026-06-05,users,gromo_warehouse.gromo_fintech_users,createdat,6076537,6076534,2026-06-05T00:24:32.418000,
2026-06-05,agencyusers,gromo_warehouse.agencyusers,createdat,23922,20126,2026-06-04T14:42:37.347000,
2026-06-05,products,gromo_warehouse.products,createdat,386,340,2026-06-03T09:27:40.309000,
2026-06-06,customeraddresses,gromo_warehouse.customeraddresses,createdat,431113,431113,,
2026-06-06,customerprofessions,gromo_warehouse.customerprofessions,createdat,354549,354549,,
2026-06-06,customers,gromo_warehouse.customers,createdat,15975966,15975966,2026-06-05T20:40:43,
2026-06-06,productlogs,gromo_warehouse.productslogs,createdat,5132559,5132559,2026-06-05T22:21:11,
2026-06-06,userdeviceinfos,gromo_warehouse.userdeviceinfos,createdat,10243279,10243279,2026-06-05T22:47:09,
2026-06-06,user_personas,gromo_warehouse.user_personas,createdat,808959,808959,2026-06-05T20:30:00,
2026-06-06,zohotickets,gromo_warehouse.zohotickets,createdat,193432,193432,2026-06-05T18:13:05,
2026-06-06,miscellaneousappflyerlogdatas,gromo_warehouse.miscellaneousappflyerlogdatas,createdat,1049497,1049497,2026-06-05T20:00:14,
2026-06-06,miscellaneousbranchlogdatas,gromo_warehouse.miscellaneousbranchlogdatas,createdat,535936,535936,2026-06-02T11:16:00,
2026-06-06,usercompetitorappslists,gromo_warehouse.usercompetitorappslist,createdat,55213145,55213145,2026-06-05T20:05:41,
2026-06-06,customerprofiles,gromo_warehouse.customerprofiles,createdat,375857,375857,,
2026-06-06,userproductqualities,gromo_warehouse.userproductqualities,createdat,4289977,4289977,2026-06-05T19:55:44,
2026-06-06,brelogsv2,gromo_warehouse.brelogsv2,createdat,5270401,5270401,2026-06-05T18:29:56.155000,
2026-06-06,customer-management-system.customerprofiles,gromo_warehouse.customer_management_system_customerprofiles,createdat,375857,240057,,
2026-06-06,leadinfo,gromo_warehouse.lead_info,createdat,23206940,23206939,2026-06-05T20:29:15.234000,
2026-06-06,leadpayoutinfo,gromo_warehouse.lead_payout_info,createdat,1792073,1792073,2026-06-05T11:52:25.651000,
2026-06-06,users,gromo_warehouse.gromo_fintech_users,createdat,6077735,6077732,2026-06-06T00:24:17.912000,
2026-06-06,agencyusers,gromo_warehouse.agencyusers,createdat,23938,20142,2026-06-05T14:57:15.385000,
2026-06-06,products,gromo_warehouse.products,createdat,386,340,2026-06-03T09:27:40.309000,
2026-06-07,customeraddresses,gromo_warehouse.customeraddresses,createdat,431113,431113,,
2026-06-07,customerprofessions,gromo_warehouse.customerprofessions,createdat,354549,354549,,
2026-06-07,customers,gromo_warehouse.customers,createdat,15992530,15992530,2026-06-06T20:39:40,
2026-06-07,productlogs,gromo_warehouse.productslogs,createdat,5233188,5233188,2026-06-06T22:23:43,
2026-06-07,userdeviceinfos,gromo_warehouse.userdeviceinfos,createdat,10245571,10245571,2026-06-06T22:49:32,
2026-06-07,user_personas,gromo_warehouse.user_personas,createdat,810825,810825,2026-06-06T20:34:17,
2026-06-07,zohotickets,gromo_warehouse.zohotickets,createdat,193497,193497,2026-06-06T19:36:56,
2026-06-07,miscellaneousappflyerlogdatas,gromo_warehouse.miscellaneousappflyerlogdatas,createdat,1049705,1049705,2026-06-06T19:47:00,
2026-06-07,miscellaneousbranchlogdatas,gromo_warehouse.miscellaneousbranchlogdatas,createdat,535936,535936,2026-06-02T11:16:00,
2026-06-07,usercompetitorappslists,gromo_warehouse.usercompetitorappslist,createdat,55296104,55296104,2026-06-06T20:05:44,
2026-06-07,customerprofiles,gromo_warehouse.customerprofiles,createdat,375857,375857,,
2026-06-07,userproductqualities,gromo_warehouse.userproductqualities,createdat,4290890,4290890,2026-06-06T19:55:08,
2026-06-07,brelogsv2,gromo_warehouse.brelogsv2,createdat,5261299,5261299,2026-06-06T18:29:59.135000,
2026-06-07,customer-management-system.customerprofiles,gromo_warehouse.customer_management_system_customerprofiles,createdat,375857,240057,,
2026-06-07,leadinfo,gromo_warehouse.lead_info,createdat,23222078,23222077,2026-06-06T20:29:51.384000,
2026-06-07,leadpayoutinfo,gromo_warehouse.lead_payout_info,createdat,1792073,1792073,2026-06-05T11:52:25.651000,
2026-06-07,users,gromo_warehouse.gromo_fintech_users,createdat,6079050,6079047,2026-06-07T00:29:34.251000,
2026-06-07,agencyusers,gromo_warehouse.agencyusers,createdat,23951,20155,2026-06-06T13:18:36.800000,
2026-06-07,products,gromo_warehouse.products,createdat,386,340,2026-06-03T09:27:40.309000,
2026-06-08,customeraddresses,gromo_warehouse.customeraddresses,createdat,431113,431113,,
2026-06-08,customerprofessions,gromo_warehouse.customerprofessions,createdat,354549,354549,,
2026-06-08,customers,gromo_warehouse.customers,createdat,16007564,16007564,2026-06-07T20:40:30,
2026-06-08,productlogs,gromo_warehouse.productslogs,createdat,5325447,5325447,2026-06-07T22:22:46,
2026-06-08,userdeviceinfos,gromo_warehouse.userdeviceinfos,createdat,10248093,10248093,2026-06-07T22:37:15,
2026-06-08,user_personas,gromo_warehouse.user_personas,createdat,812907,812907,2026-06-07T20:28:46,
2026-06-08,zohotickets,gromo_warehouse.zohotickets,createdat,193550,193550,2026-06-07T19:53:49,
2026-06-08,miscellaneousappflyerlogdatas,gromo_warehouse.miscellaneousappflyerlogdatas,createdat,1049892,1049892,2026-06-07T19:27:28,
2026-06-08,miscellaneousbranchlogdatas,gromo_warehouse.miscellaneousbranchlogdatas,createdat,535936,535936,2026-06-02T11:16:00,
2026-06-08,usercompetitorappslists,gromo_warehouse.usercompetitorappslist,createdat,55381465,55381465,2026-06-07T20:05:35,
2026-06-08,customerprofiles,gromo_warehouse.customerprofiles,createdat,375857,375857,,
2026-06-08,userproductqualities,gromo_warehouse.userproductqualities,createdat,4291704,4291704,2026-06-07T19:57:42,
2026-06-08,brelogsv2,gromo_warehouse.brelogsv2,createdat,5250619,5250619,2026-06-07T18:30:00.505000,
2026-06-08,customer-management-system.customerprofiles,gromo_warehouse.customer_management_system_customerprofiles,createdat,375857,240057,,
2026-06-08,leadinfo,gromo_warehouse.lead_info,createdat,23235691,23235690,2026-06-07T20:29:18.149000,
2026-06-08,leadpayoutinfo,gromo_warehouse.lead_payout_info,createdat,1792073,1792073,2026-06-05T11:52:25.651000,
2026-06-08,users,gromo_warehouse.gromo_fintech_users,createdat,6080263,6080260,2026-06-08T00:27:20.312000,
2026-06-08,agencyusers,gromo_warehouse.agencyusers,createdat,23951,20155,2026-06-06T13:18:36.800000,
2026-06-08,products,gromo_warehouse.products,createdat,386,340,2026-06-03T09:27:40.309000,
2026-06-09,customeraddresses,gromo_warehouse.customeraddresses,createdat,431113,431113,,
2026-06-09,customerprofessions,gromo_warehouse.customerprofessions,createdat,354549,354549,,
2026-06-09,customers,gromo_warehouse.customers,createdat,16023852,16023852,2026-06-08T20:38:22,
2026-06-09,productlogs,gromo_warehouse.productslogs,createdat,5428109,5428109,2026-06-08T22:24:06,
2026-06-09,userdeviceinfos,gromo_warehouse.userdeviceinfos,createdat,10250301,10250301,2026-06-08T22:42:46,
2026-06-09,user_personas,gromo_warehouse.user_personas,createdat,814780,814780,2026-06-08T20:32:45,
2026-06-09,zohotickets,gromo_warehouse.zohotickets,createdat,193628,193628,2026-06-08T18:46:23,
2026-06-09,miscellaneousappflyerlogdatas,gromo_warehouse.miscellaneousappflyerlogdatas,createdat,1050083,1050083,2026-06-08T18:59:17,
2026-06-09,miscellaneousbranchlogdatas,gromo_warehouse.miscellaneousbranchlogdatas,createdat,535936,535936,2026-06-02T11:16:00,
2026-06-09,usercompetitorappslists,gromo_warehouse.usercompetitorappslist,createdat,55476799,55476799,2026-06-08T20:05:22,
2026-06-09,customerprofiles,gromo_warehouse.customerprofiles,createdat,375857,375857,,
2026-06-09,userproductqualities,gromo_warehouse.userproductqualities,createdat,4292624,4292624,2026-06-08T19:51:42,
2026-06-09,brelogsv2,gromo_warehouse.brelogsv2,createdat,5249470,5249470,2026-06-08T18:30:01.837000,
2026-06-09,customer-management-system.customerprofiles,gromo_warehouse.customer_management_system_customerprofiles,createdat,375857,240057,,
2026-06-09,leadinfo,gromo_warehouse.lead_info,createdat,23250762,23250761,2026-06-08T20:29:49.841000,
2026-06-09,leadpayoutinfo,gromo_warehouse.lead_payout_info,createdat,1793338,1793338,2026-06-08T12:40:26.038000,
2026-06-09,users,gromo_warehouse.gromo_fintech_users,createdat,6081470,6081467,2026-06-09T00:28:49.465000,
2026-06-09,agencyusers,gromo_warehouse.agencyusers,createdat,23960,20164,2026-06-08T20:09:16.329000,
2026-06-09,products,gromo_warehouse.products,createdat,386,340,2026-06-03T09:27:40.309000,
2026-06-10,customeraddresses,gromo_warehouse.customeraddresses,createdat,431113,431113,,
2026-06-10,customerprofessions,gromo_warehouse.customerprofessions,createdat,354549,354549,,
2026-06-10,customers,gromo_warehouse.customers,createdat,16041003,16041003,2026-06-09T20:40:28,
2026-06-10,productlogs,gromo_warehouse.productslogs,createdat,5547900,5547900,2026-06-09T22:24:10,
2026-06-10,userdeviceinfos,gromo_warehouse.userdeviceinfos,createdat,10252797,10252797,2026-06-09T22:45:26,
2026-06-10,user_personas,gromo_warehouse.user_personas,createdat,816884,816884,2026-06-09T20:32:33,
2026-06-10,zohotickets,gromo_warehouse.zohotickets,createdat,193714,193714,2026-06-09T20:10:29,
2026-06-10,miscellaneousappflyerlogdatas,gromo_warehouse.miscellaneousappflyerlogdatas,createdat,1050303,1050303,2026-06-09T19:58:19,
2026-06-10,miscellaneousbranchlogdatas,gromo_warehouse.miscellaneousbranchlogdatas,createdat,535938,535938,2026-06-09T11:02:44,
2026-06-10,usercompetitorappslists,gromo_warehouse.usercompetitorappslist,createdat,55568329,55568329,2026-06-09T20:05:34,
2026-06-10,customerprofiles,gromo_warehouse.customerprofiles,createdat,375857,375857,,
2026-06-10,userproductqualities,gromo_warehouse.userproductqualities,createdat,4293602,4293602,2026-06-09T19:43:47,
2026-06-10,brelogsv2,gromo_warehouse.brelogsv2,createdat,5253814,5253814,2026-06-09T18:30:01.964000,
2026-06-10,customer-management-system.customerprofiles,gromo_warehouse.customer_management_system_customerprofiles,createdat,375857,240057,,
2026-06-10,leadinfo,gromo_warehouse.lead_info,createdat,23267755,23267754,2026-06-09T20:29:02.473000,
2026-06-10,leadpayoutinfo,gromo_warehouse.lead_payout_info,createdat,1794638,1794638,2026-06-09T13:07:16.015000,
2026-06-10,users,gromo_warehouse.gromo_fintech_users,createdat,6083040,6083037,2026-06-10T00:28:53.494000,
2026-06-10,agencyusers,gromo_warehouse.agencyusers,createdat,23973,20177,2026-06-09T18:13:10.099000,
2026-06-10,products,gromo_warehouse.products,createdat,386,340,2026-06-03T09:27:40.309000,
2026-06-11,customeraddresses,gromo_warehouse.customeraddresses,createdat,431113,431113,,
2026-06-11,customerprofessions,gromo_warehouse.customerprofessions,createdat,354549,354549,,
2026-06-11,customers,gromo_warehouse.customers,createdat,16058503,16058503,2026-06-10T20:39:50,
2026-06-11,productlogs,gromo_warehouse.productslogs,createdat,5663837,5663837,2026-06-10T22:23:15,
2026-06-11,userdeviceinfos,gromo_warehouse.userdeviceinfos,createdat,10256348,10256348,2026-06-10T22:46:27,
2026-06-11,user_personas,gromo_warehouse.user_personas,createdat,819853,819853,2026-06-10T20:34:18,
2026-06-11,zohotickets,gromo_warehouse.zohotickets,createdat,193792,193792,2026-06-10T19:33:10,
2026-06-11,miscellaneousappflyerlogdatas,gromo_warehouse.miscellaneousappflyerlogdatas,createdat,1050569,1050569,2026-06-10T19:51:13,
2026-06-11,miscellaneousbranchlogdatas,gromo_warehouse.miscellaneousbranchlogdatas,createdat,535938,535938,2026-06-09T11:02:44,
2026-06-11,usercompetitorappslists,gromo_warehouse.usercompetitorappslist,createdat,55662769,55662769,2026-06-10T20:05:56,
2026-06-11,customerprofiles,gromo_warehouse.customerprofiles,createdat,375857,375857,,
2026-06-11,userproductqualities,gromo_warehouse.userproductqualities,createdat,4294577,4294577,2026-06-10T19:50:21,
2026-06-11,brelogsv2,gromo_warehouse.brelogsv2,createdat,5266510,5266510,2026-06-10T18:29:59.774000,
2026-06-11,customer-management-system.customerprofiles,gromo_warehouse.customer_management_system_customerprofiles,createdat,375857,240057,,
2026-06-11,leadinfo,gromo_warehouse.lead_info,createdat,23285510,23285509,2026-06-10T20:30:01.168000,
2026-06-11,leadpayoutinfo,gromo_warehouse.lead_payout_info,createdat,1795747,1795747,2026-06-10T13:06:36.943000,
2026-06-11,users,gromo_warehouse.gromo_fintech_users,createdat,6085008,6085005,2026-06-11T00:25:52.883000,
2026-06-11,agencyusers,gromo_warehouse.agencyusers,createdat,23984,20188,2026-06-10T14:01:32.236000,
2026-06-11,products,gromo_warehouse.products,createdat,386,340,2026-06-03T09:27:40.309000,
2026-06-12,customeraddresses,gromo_warehouse.customeraddresses,createdat,431113,431113,,
2026-06-12,customerprofessions,gromo_warehouse.customerprofessions,createdat,354549,354549,,
2026-06-12,customers,gromo_warehouse.customers,createdat,16075734,16075734,2026-06-11T20:39:36,
2026-06-12,productlogs,gromo_warehouse.productslogs,createdat,5755620,5755620,2026-06-11T22:25:03,
2026-06-12,userdeviceinfos,gromo_warehouse.userdeviceinfos,createdat,10259681,10259681,2026-06-11T22:38:17,
2026-06-12,user_personas,gromo_warehouse.user_personas,createdat,822619,822619,2026-06-11T20:34:09,
2026-06-12,zohotickets,gromo_warehouse.zohotickets,createdat,193882,193882,2026-06-11T20:27:47,
2026-06-12,miscellaneousappflyerlogdatas,gromo_warehouse.miscellaneousappflyerlogdatas,createdat,1050776,1050776,2026-06-11T19:28:03,
2026-06-12,miscellaneousbranchlogdatas,gromo_warehouse.miscellaneousbranchlogdatas,createdat,535940,535940,2026-06-11T19:01:51,
2026-06-12,usercompetitorappslists,gromo_warehouse.usercompetitorappslist,createdat,55757911,55757911,2026-06-11T20:05:50,
2026-06-12,customerprofiles,gromo_warehouse.customerprofiles,createdat,375857,375857,,
2026-06-12,userproductqualities,gromo_warehouse.userproductqualities,createdat,4295614,4295614,2026-06-11T19:55:00,
2026-06-12,brelogsv2,gromo_warehouse.brelogsv2,createdat,5283488,5283488,2026-06-11T18:30:01.790000,
2026-06-12,customer-management-system.customerprofiles,gromo_warehouse.customer_management_system_customerprofiles,createdat,375857,240057,,
2026-06-12,leadinfo,gromo_warehouse.lead_info,createdat,23302572,23302571,2026-06-11T20:28:48.253000,
2026-06-12,leadpayoutinfo,gromo_warehouse.lead_payout_info,createdat,1796014,1796014,2026-06-11T11:25:24.741000,
2026-06-12,users,gromo_warehouse.gromo_fintech_users,createdat,6086975,6086972,2026-06-12T00:28:23.674000,
2026-06-12,agencyusers,gromo_warehouse.agencyusers,createdat,24006,20210,2026-06-11T16:08:57.324000,
2026-06-12,products,gromo_warehouse.products,createdat,386,340,2026-06-03T09:27:40.309000,
2026-06-13,customeraddresses,gromo_warehouse.customeraddresses,createdat,431113,431113,,
2026-06-13,customerprofessions,gromo_warehouse.customerprofessions,createdat,354549,354549,,
2026-06-13,customers,gromo_warehouse.customers,createdat,16093479,16093479,2026-06-12T20:40:42,
2026-06-13,productlogs,gromo_warehouse.productslogs,createdat,5839588,5839588,2026-06-12T22:25:46,
2026-06-13,userdeviceinfos,gromo_warehouse.userdeviceinfos,createdat,10263109,10263109,2026-06-12T22:45:23,
2026-06-13,user_personas,gromo_warehouse.user_personas,createdat,825458,825458,2026-06-12T20:33:59,
2026-06-13,zohotickets,gromo_warehouse.zohotickets,createdat,193944,193944,2026-06-12T14:43:55,
2026-06-13,miscellaneousappflyerlogdatas,gromo_warehouse.miscellaneousappflyerlogdatas,createdat,1051072,1051072,2026-06-12T18:59:04,
2026-06-13,miscellaneousbranchlogdatas,gromo_warehouse.miscellaneousbranchlogdatas,createdat,535940,535940,2026-06-11T19:01:51,
2026-06-13,usercompetitorappslists,gromo_warehouse.usercompetitorappslist,createdat,55857497,55857497,2026-06-12T20:05:38,
2026-06-13,customerprofiles,gromo_warehouse.customerprofiles,createdat,375857,375857,,
2026-06-13,userproductqualities,gromo_warehouse.userproductqualities,createdat,4296730,4296730,2026-06-12T20:00:08,
2026-06-13,brelogsv2,gromo_warehouse.brelogsv2,createdat,5287359,5287359,2026-06-12T18:29:57.057000,
2026-06-13,customer-management-system.customerprofiles,gromo_warehouse.customer_management_system_customerprofiles,createdat,375857,240057,,
2026-06-13,leadinfo,gromo_warehouse.lead_info,createdat,23320278,23320277,2026-06-12T20:29:59.198000,
2026-06-13,leadpayoutinfo,gromo_warehouse.lead_payout_info,createdat,1797327,1797327,2026-06-12T13:22:17.824000,
2026-06-13,users,gromo_warehouse.gromo_fintech_users,createdat,6088949,6088946,2026-06-13T00:27:43.374000,
2026-06-13,agencyusers,gromo_warehouse.agencyusers,createdat,24017,20221,2026-06-12T13:26:48.096000,
2026-06-13,products,gromo_warehouse.products,createdat,386,340,2026-06-03T09:27:40.309000,
2026-06-25,customeraddresses,gromo_warehouse.customeraddresses,createdat,431113,431113,,
2026-06-25,customerprofessions,gromo_warehouse.customerprofessions,createdat,354549,354549,,
2026-06-25,customers,gromo_warehouse.customers,createdat,16290181,16290181,2026-06-24T20:39:28,
2026-06-25,productlogs,gromo_warehouse.productslogs,createdat,7077698,7077698,2026-06-24T22:34:28,
2026-06-25,userdeviceinfos,gromo_warehouse.userdeviceinfos,createdat,10295148,10295148,2026-06-24T22:47:37,
2026-06-25,user_personas,gromo_warehouse.user_personas,createdat,852200,852200,2026-06-24T20:33:04,
2026-06-25,zohotickets,gromo_warehouse.zohotickets,createdat,193981,193981,2026-06-15T09:53:27,
2026-06-25,miscellaneousappflyerlogdatas,gromo_warehouse.miscellaneousappflyerlogdatas,createdat,1053564,1053564,2026-06-24T20:03:05,
2026-06-25,miscellaneousbranchlogdatas,gromo_warehouse.miscellaneousbranchlogdatas,createdat,535946,535946,2026-06-19T20:28:18,
2026-06-25,usercompetitorappslists,gromo_warehouse.usercompetitorappslist,createdat,56932730,56932730,2026-06-24T20:06:02,
2026-06-25,customerprofiles,gromo_warehouse.customerprofiles,createdat,375857,375857,,
2026-06-25,userproductqualities,gromo_warehouse.userproductqualities,createdat,4308239,4308239,2026-06-24T19:59:33,
2026-06-25,brelogsv2,gromo_warehouse.brelogsv2,createdat,5396431,5396431,2026-06-24T18:30:00.569000,
2026-06-25,customer-management-system.customerprofiles,gromo_warehouse.customer_management_system_customerprofiles,createdat,375857,240057,,
2026-06-25,leadinfo,gromo_warehouse.lead_info,createdat,23520854,23520853,2026-06-24T20:28:08.990000,
2026-06-25,leadpayoutinfo,gromo_warehouse.lead_payout_info,createdat,1805852,1805852,2026-06-24T12:55:36.007000,
2026-06-25,users,gromo_warehouse.gromo_fintech_users,createdat,6107661,6107658,2026-06-25T00:29:14.768000,
2026-06-25,agencyusers,gromo_warehouse.agencyusers,createdat,24131,20335,2026-06-24T10:07:51.715000,
2026-06-25,products,gromo_warehouse.products,createdat,386,340,2026-06-03T09:27:40.309000,
2026-06-25,customeraddresses,gromo_warehouse.customeraddresses,createdat,431113,431113,,
2026-06-25,customerprofessions,gromo_warehouse.customerprofessions,createdat,354549,354549,,
2026-06-25,customers,gromo_warehouse.customers,createdat,16290181,16290181,2026-06-24T20:39:28,
2026-06-25,productlogs,gromo_warehouse.productslogs,createdat,7077698,7077698,2026-06-24T22:34:28,
2026-06-25,userdeviceinfos,gromo_warehouse.userdeviceinfos,createdat,10295148,10295148,2026-06-24T22:47:37,
2026-06-25,user_personas,gromo_warehouse.user_personas,createdat,852200,852200,2026-06-24T20:33:04,
2026-06-25,zohotickets,gromo_warehouse.zohotickets,createdat,193981,193981,2026-06-15T09:53:27,
2026-06-25,miscellaneousappflyerlogdatas,gromo_warehouse.miscellaneousappflyerlogdatas,createdat,1053564,1053564,2026-06-24T20:03:05,
2026-06-25,miscellaneousbranchlogdatas,gromo_warehouse.miscellaneousbranchlogdatas,createdat,535946,535946,2026-06-19T20:28:18,
2026-06-25,usercompetitorappslists,gromo_warehouse.usercompetitorappslist,createdat,56932730,56932730,2026-06-24T20:06:02,
2026-06-25,customerprofiles,gromo_warehouse.customerprofiles,createdat,375857,375857,,
2026-06-25,userproductqualities,gromo_warehouse.userproductqualities,createdat,4308239,4308239,2026-06-24T19:59:33,
2026-06-25,brelogsv2,gromo_warehouse.brelogsv2,createdat,5396431,5396431,2026-06-24T18:30:00.569000,
2026-06-25,customer-management-system.customerprofiles,gromo_warehouse.customer_management_system_customerprofiles,createdat,375857,240057,,
2026-06-25,leadinfo,gromo_warehouse.lead_info,createdat,23520854,23520853,2026-06-24T20:28:08.990000,
2026-06-25,leadpayoutinfo,gromo_warehouse.lead_payout_info,createdat,1805852,1805852,2026-06-24T12:55:36.007000,
2026-06-25,users,gromo_warehouse.gromo_fintech_users,createdat,6107661,6107658,2026-06-25T00:29:14.768000,
2026-06-25,agencyusers,gromo_warehouse.agencyusers,createdat,24131,20335,2026-06-24T10:07:51.715000,
2026-06-25,products,gromo_warehouse.products,createdat,386,340,2026-06-03T09:27:40.309000,
2026-06-26,customeraddresses,gromo_warehouse.customeraddresses,createdat,431113,431113,,
2026-06-26,customerprofessions,gromo_warehouse.customerprofessions,createdat,354549,354549,,
2026-06-26,customers,gromo_warehouse.customers,createdat,16306450,16306450,2026-06-25T20:40:29,
2026-06-26,productlogs,gromo_warehouse.productslogs,createdat,7259607,7259607,2026-06-25T22:36:43,
2026-06-26,userdeviceinfos,gromo_warehouse.userdeviceinfos,createdat,10297537,10297537,2026-06-25T22:46:51,
2026-06-26,user_personas,gromo_warehouse.user_personas,createdat,854205,854205,2026-06-25T20:33:12,
2026-06-26,zohotickets,gromo_warehouse.zohotickets,createdat,193981,193981,2026-06-15T09:53:27,
2026-06-26,miscellaneousappflyerlogdatas,gromo_warehouse.miscellaneousappflyerlogdatas,createdat,1053784,1053784,2026-06-25T19:51:36,
2026-06-26,miscellaneousbranchlogdatas,gromo_warehouse.miscellaneousbranchlogdatas,createdat,535946,535946,2026-06-19T20:28:18,
2026-06-26,usercompetitorappslists,gromo_warehouse.usercompetitorappslist,createdat,57032334,57032334,2026-06-25T20:05:53,
2026-06-26,customerprofiles,gromo_warehouse.customerprofiles,createdat,375857,375857,,
2026-06-26,userproductqualities,gromo_warehouse.userproductqualities,createdat,4309250,4309250,2026-06-25T19:58:07,
2026-06-26,brelogsv2,gromo_warehouse.brelogsv2,createdat,5422943,5422943,2026-06-25T18:30:01.139000,
2026-06-26,customer-management-system.customerprofiles,gromo_warehouse.customer_management_system_customerprofiles,createdat,375857,240057,,
2026-06-26,leadinfo,gromo_warehouse.lead_info,createdat,23537618,23537617,2026-06-25T20:29:53.925000,
2026-06-26,leadpayoutinfo,gromo_warehouse.lead_payout_info,createdat,1806609,1806609,2026-06-25T11:50:04.951000,
2026-06-26,users,gromo_warehouse.gromo_fintech_users,createdat,6109106,6109103,2026-06-26T00:26:37.101000,
2026-06-26,agencyusers,gromo_warehouse.agencyusers,createdat,24139,20343,2026-06-25T07:22:18.873000,
2026-06-26,products,gromo_warehouse.products,createdat,386,340,2026-06-03T09:27:40.309000,
2026-06-27,customeraddresses,gromo_warehouse.customeraddresses,createdat,431113,431113,,
2026-06-27,customerprofessions,gromo_warehouse.customerprofessions,createdat,354549,354549,,
2026-06-27,customers,gromo_warehouse.customers,createdat,16321735,16321735,2026-06-26T20:40:41,
2026-06-27,productlogs,gromo_warehouse.productslogs,createdat,7311126,7311126,2026-06-26T22:36:36,
2026-06-27,userdeviceinfos,gromo_warehouse.userdeviceinfos,createdat,10299977,10299977,2026-06-26T22:48:19,
2026-06-27,user_personas,gromo_warehouse.user_personas,createdat,856249,856249,2026-06-26T20:29:44,
2026-06-27,zohotickets,gromo_warehouse.zohotickets,createdat,193981,193981,2026-06-15T09:53:27,
2026-06-27,miscellaneousappflyerlogdatas,gromo_warehouse.miscellaneousappflyerlogdatas,createdat,1054043,1054043,2026-06-26T20:03:22,
2026-06-27,miscellaneousbranchlogdatas,gromo_warehouse.miscellaneousbranchlogdatas,createdat,535946,535946,2026-06-19T20:28:18,
2026-06-27,usercompetitorappslists,gromo_warehouse.usercompetitorappslist,createdat,57126072,57126072,2026-06-26T20:05:58,
2026-06-27,customerprofiles,gromo_warehouse.customerprofiles,createdat,375857,375857,,
2026-06-27,userproductqualities,gromo_warehouse.userproductqualities,createdat,4310300,4310300,2026-06-26T19:52:53,
2026-06-27,brelogsv2,gromo_warehouse.brelogsv2,createdat,5437712,5437712,2026-06-26T18:30:01.408000,
2026-06-27,customer-management-system.customerprofiles,gromo_warehouse.customer_management_system_customerprofiles,createdat,375857,240057,,
2026-06-27,leadinfo,gromo_warehouse.lead_info,createdat,23554215,23554214,2026-06-26T20:30:01.028000,
2026-06-27,leadpayoutinfo,gromo_warehouse.lead_payout_info,createdat,1807319,1807319,2026-06-26T12:31:50.463000,
2026-06-27,users,gromo_warehouse.gromo_fintech_users,createdat,6110580,6110577,2026-06-27T00:29:29.885000,
2026-06-27,agencyusers,gromo_warehouse.agencyusers,createdat,24150,20354,2026-06-26T15:29:47.824000,
2026-06-27,products,gromo_warehouse.products,createdat,386,340,2026-06-03T09:27:40.309000,
2026-06-28,customeraddresses,gromo_warehouse.customeraddresses,createdat,431113,431113,,
2026-06-28,customerprofessions,gromo_warehouse.customerprofessions,createdat,354549,354549,,
2026-06-28,customers,gromo_warehouse.customers,createdat,16336764,16336764,2026-06-27T20:40:23,
2026-06-28,productlogs,gromo_warehouse.productslogs,createdat,7361808,7361808,2026-06-27T22:36:18,
2026-06-28,userdeviceinfos,gromo_warehouse.userdeviceinfos,createdat,10302360,10302360,2026-06-27T22:35:07,
2026-06-28,user_personas,gromo_warehouse.user_personas,createdat,858246,858246,2026-06-27T20:35:09,
2026-06-28,zohotickets,gromo_warehouse.zohotickets,createdat,193981,193981,2026-06-15T09:53:27,
2026-06-28,miscellaneousappflyerlogdatas,gromo_warehouse.miscellaneousappflyerlogdatas,createdat,1054288,1054288,2026-06-27T19:35:27,
2026-06-28,miscellaneousbranchlogdatas,gromo_warehouse.miscellaneousbranchlogdatas,createdat,535946,535946,2026-06-19T20:28:18,
2026-06-28,usercompetitorappslists,gromo_warehouse.usercompetitorappslist,createdat,57212667,57212667,2026-06-27T20:05:52,
2026-06-28,customerprofiles,gromo_warehouse.customerprofiles,createdat,375857,375857,,
2026-06-28,userproductqualities,gromo_warehouse.userproductqualities,createdat,4311269,4311269,2026-06-27T19:57:33,
2026-06-28,brelogsv2,gromo_warehouse.brelogsv2,createdat,5448728,5448728,2026-06-27T18:29:59.059000,
2026-06-28,customer-management-system.customerprofiles,gromo_warehouse.customer_management_system_customerprofiles,createdat,375857,240057,,
2026-06-28,leadinfo,gromo_warehouse.lead_info,createdat,23570535,23570534,2026-06-27T20:29:13.938000,
2026-06-28,leadpayoutinfo,gromo_warehouse.lead_payout_info,createdat,1807319,1807319,2026-06-26T12:31:50.463000,
2026-06-28,users,gromo_warehouse.gromo_fintech_users,createdat,6112114,6112111,2026-06-28T00:29:30.509000,
2026-06-28,agencyusers,gromo_warehouse.agencyusers,createdat,24154,20358,2026-06-27T11:04:26.460000,
2026-06-28,products,gromo_warehouse.products,createdat,386,340,2026-06-03T09:27:40.309000,
2026-06-29,customeraddresses,gromo_warehouse.customeraddresses,createdat,431113,431113,,
2026-06-29,customerprofessions,gromo_warehouse.customerprofessions,createdat,354549,354549,,
2026-06-29,customers,gromo_warehouse.customers,createdat,16350749,16350749,2026-06-28T20:40:38,
2026-06-29,productlogs,gromo_warehouse.productslogs,createdat,7409953,7409953,2026-06-28T22:36:38,
2026-06-29,userdeviceinfos,gromo_warehouse.userdeviceinfos,createdat,10304754,10304754,2026-06-28T22:44:32,
2026-06-29,user_personas,gromo_warehouse.user_personas,createdat,860218,860218,2026-06-28T20:34:30,
2026-06-29,zohotickets,gromo_warehouse.zohotickets,createdat,193981,193981,2026-06-15T09:53:27,
2026-06-29,miscellaneousappflyerlogdatas,gromo_warehouse.miscellaneousappflyerlogdatas,createdat,1054509,1054509,2026-06-28T19:57:55,
2026-06-29,miscellaneousbranchlogdatas,gromo_warehouse.miscellaneousbranchlogdatas,createdat,535948,535948,2026-06-28T07:31:12,
2026-06-29,usercompetitorappslists,gromo_warehouse.usercompetitorappslist,createdat,57290239,57290239,2026-06-28T20:05:41,
2026-06-29,customerprofiles,gromo_warehouse.customerprofiles,createdat,375857,375857,,
2026-06-29,userproductqualities,gromo_warehouse.userproductqualities,createdat,4312154,4312154,2026-06-28T19:57:45,
2026-06-29,brelogsv2,gromo_warehouse.brelogsv2,createdat,5450116,5450116,2026-06-28T18:29:58.962000,
2026-06-29,customer-management-system.customerprofiles,gromo_warehouse.customer_management_system_customerprofiles,createdat,375857,240057,,
2026-06-29,leadinfo,gromo_warehouse.lead_info,createdat,23585614,23585613,2026-06-28T20:29:57.745000,
2026-06-29,leadpayoutinfo,gromo_warehouse.lead_payout_info,createdat,1807319,1807319,2026-06-26T12:31:50.463000,
2026-06-29,users,gromo_warehouse.gromo_fintech_users,createdat,6113643,6113640,2026-06-29T00:28:24.524000,
2026-06-29,agencyusers,gromo_warehouse.agencyusers,createdat,24156,20360,2026-06-28T11:00:59.600000,
2026-06-29,products,gromo_warehouse.products,createdat,386,340,2026-06-03T09:27:40.309000,
2026-06-30,customeraddresses,gromo_warehouse.customeraddresses,createdat,431113,431113,,
2026-06-30,customerprofessions,gromo_warehouse.customerprofessions,createdat,354549,354549,,
2026-06-30,customers,gromo_warehouse.customers,createdat,16366592,16366592,2026-06-29T20:40:40,
2026-06-30,productlogs,gromo_warehouse.productslogs,createdat,7462556,7462556,2026-06-29T22:37:17,
2026-06-30,userdeviceinfos,gromo_warehouse.userdeviceinfos,createdat,10307443,10307443,2026-06-29T22:45:02,
2026-06-30,user_personas,gromo_warehouse.user_personas,createdat,862495,862495,2026-06-29T20:32:23,
2026-06-30,zohotickets,gromo_warehouse.zohotickets,createdat,193981,193981,2026-06-15T09:53:27,
2026-06-30,miscellaneousappflyerlogdatas,gromo_warehouse.miscellaneousappflyerlogdatas,createdat,1054817,1054817,2026-06-29T20:03:15,
2026-06-30,miscellaneousbranchlogdatas,gromo_warehouse.miscellaneousbranchlogdatas,createdat,535948,535948,2026-06-28T07:31:12,
2026-06-30,usercompetitorappslists,gromo_warehouse.usercompetitorappslist,createdat,57396318,57396318,2026-06-29T20:05:40,
2026-06-30,customerprofiles,gromo_warehouse.customerprofiles,createdat,375857,375857,,
2026-06-30,userproductqualities,gromo_warehouse.userproductqualities,createdat,4313102,4313102,2026-06-29T19:59:25,
2026-06-30,brelogsv2,gromo_warehouse.brelogsv2,createdat,5476660,5476660,2026-06-29T18:30:01.810000,
2026-06-30,customer-management-system.customerprofiles,gromo_warehouse.customer_management_system_customerprofiles,createdat,375857,240057,,
2026-06-30,leadinfo,gromo_warehouse.lead_info,createdat,23602079,23602078,2026-06-29T20:29:16.171000,
2026-06-30,leadpayoutinfo,gromo_warehouse.lead_payout_info,createdat,1808734,1808734,2026-06-29T12:45:26.687000,
2026-06-30,users,gromo_warehouse.gromo_fintech_users,createdat,6115130,6115127,2026-06-30T00:21:44.858000,
2026-06-30,agencyusers,gromo_warehouse.agencyusers,createdat,24163,20367,2026-06-29T14:27:33.817000,
2026-06-30,products,gromo_warehouse.products,createdat,386,340,2026-06-03T09:27:40.309000,
2026-07-01,customeraddresses,gromo_warehouse.customeraddresses,createdat,431113,431113,,
2026-07-01,customerprofessions,gromo_warehouse.customerprofessions,createdat,354549,354549,,
2026-07-01,customers,gromo_warehouse.customers,createdat,16384820,16384820,2026-06-30T20:40:44,
2026-07-01,productlogs,gromo_warehouse.productslogs,createdat,7525136,7525136,2026-06-30T22:37:27,
2026-07-01,userdeviceinfos,gromo_warehouse.userdeviceinfos,createdat,10309926,10309926,2026-06-30T22:47:48,
2026-07-01,user_personas,gromo_warehouse.user_personas,createdat,864555,864555,2026-06-30T20:35:10,
2026-07-01,zohotickets,gromo_warehouse.zohotickets,createdat,193981,193981,2026-06-15T09:53:27,
2026-07-01,miscellaneousappflyerlogdatas,gromo_warehouse.miscellaneousappflyerlogdatas,createdat,1055117,1055117,2026-06-30T19:37:49,
2026-07-01,miscellaneousbranchlogdatas,gromo_warehouse.miscellaneousbranchlogdatas,createdat,535949,535949,2026-06-30T09:20:48,
2026-07-01,usercompetitorappslists,gromo_warehouse.usercompetitorappslist,createdat,57494954,57494954,2026-06-30T20:05:57,
2026-07-01,customerprofiles,gromo_warehouse.customerprofiles,createdat,375857,375857,,
2026-07-01,userproductqualities,gromo_warehouse.userproductqualities,createdat,4314150,4314150,2026-06-30T19:52:42,
2026-07-01,brelogsv2,gromo_warehouse.brelogsv2,createdat,5498077,5498077,2026-06-30T18:30:01.339000,
2026-07-01,customer-management-system.customerprofiles,gromo_warehouse.customer_management_system_customerprofiles,createdat,375857,240057,,
2026-07-01,leadinfo,gromo_warehouse.lead_info,createdat,23620780,23620779,2026-06-30T20:29:47.068000,
2026-07-01,leadpayoutinfo,gromo_warehouse.lead_payout_info,createdat,1809731,1809731,2026-06-30T13:09:42.967000,
2026-07-01,users,gromo_warehouse.gromo_fintech_users,createdat,6116505,6116502,2026-07-01T00:17:57.175000,
2026-07-01,agencyusers,gromo_warehouse.agencyusers,createdat,24167,20371,2026-06-30T12:14:14.673000,
2026-07-01,products,gromo_warehouse.products,createdat,386,340,2026-06-03T09:27:40.309000,
